cohort_month,dimension,first_value,m,metric,cohort_size,retention
2025-01-01,category,otc hl,0,any,1,100.00%
2025-01-01,category,otc hl,0,same,1,100.00%
2025-01-01,category,otc hl,1,any,1,0.00%
2025-01-01,category,otc hl,1,same,1,0.00%
2025-01-01,category,otc hl,2,any,1,0.00%
2025-01-01,category,otc hl,2,same,1,0.00%
2025-01-01,category,otc hl,3,any,1,0.00%
2025-01-01,category,otc hl,3,same,1,0.00%
2025-01-01,category,otc hl,4,any,1,0.00%
2025-01-01,category,otc hl,4,same,1,0.00%
2025-01-01,category,otc hl,5,any,1,0.00%
2025-01-01,category,otc hl,5,same,1,0.00%
2025-01-01,category,otc hl,6,any,1,0.00%
2025-01-01,category,otc hl,6,same,1,0.00%
2025-01-01,category,otc hl,7,any,1,0.00%
2025-01-01,category,otc hl,7,same,1,0.00%
2025-01-01,category,otc hl,8,any,1,0.00%
2025-01-01,category,otc hl,8,same,1,0.00%
2025-03-01,category,otc hl,0,any,9,100.00%
2025-03-01,category,otc hl,0,same,9,100.00%
2025-03-01,category,otc hl,1,any,9,0.00%
2025-03-01,category,otc hl,1,same,9,0.00%
2025-03-01,category,otc hl,2,any,9,0.00%
2025-03-01,category,otc hl,2,same,9,0.00%
2025-03-01,category,otc hl,3,any,9,0.00%
2025-03-01,category,otc hl,3,same,9,0.00%
2025-03-01,category,otc hl,4,any,9,0.00%
2025-03-01,category,otc hl,4,same,9,0.00%
2025-03-01,category,otc hl,5,any,9,0.00%
2025-03-01,category,otc hl,5,same,9,0.00%
2025-03-01,category,otc hl,6,any,9,11.11%
2025-03-01,category,otc hl,6,same,9,11.11%
2025-04-01,category,otc hl,0,any,2,100.00%
2025-04-01,category,otc hl,0,same,2,100.00%
2025-04-01,category,otc hl,1,any,2,0.00%
2025-04-01,category,otc hl,1,same,2,0.00%
2025-04-01,category,otc hl,2,any,2,0.00%
2025-04-01,category,otc hl,2,same,2,0.00%
2025-04-01,category,otc hl,3,any,2,0.00%
2025-04-01,category,otc hl,3,same,2,0.00%
2025-04-01,category,otc hl,4,any,2,0.00%
2025-04-01,category,otc hl,4,same,2,0.00%
2025-04-01,category,otc hl,5,any,2,0.00%
2025-04-01,category,otc hl,5,same,2,0.00%
2025-05-01,category,otc hl,0,any,1,100.00%
2025-05-01,category,otc hl,0,same,1,100.00%
2025-05-01,category,otc hl,1,any,1,0.00%
2025-05-01,category,otc hl,1,same,1,0.00%
2025-05-01,category,otc hl,2,any,1,0.00%
2025-05-01,category,otc hl,2,same,1,0.00%
2025-05-01,category,otc hl,3,any,1,0.00%
2025-05-01,category,otc hl,3,same,1,0.00%
2025-05-01,category,otc hl,4,any,1,0.00%
2025-05-01,category,otc hl,4,same,1,0.00%
2025-07-01,category,otc hl,0,any,2,100.00%
2025-07-01,category,otc hl,0,same,2,100.00%
2025-07-01,category,otc hl,1,any,2,0.00%
2025-07-01,category,otc hl,1,same,2,0.00%
2025-07-01,category,otc hl,2,any,2,0.00%
2025-07-01,category,otc hl,2,same,2,0.00%
2025-08-01,category,otc hl,0,any,3,100.00%
2025-08-01,category,otc hl,0,same,3,100.00%
2025-08-01,category,otc hl,1,any,3,0.00%
2025-08-01,category,otc hl,1,same,3,0.00%
2025-09-01,category,otc hl,0,any,2,100.00%
2025-09-01,category,otc hl,0,same,2,100.00%
2024-11-01,category,otc sh,0,any,1,100.00%
2024-11-01,category,otc sh,0,same,1,100.00%
2024-11-01,category,otc sh,1,any,1,0.00%
2024-11-01,category,otc sh,1,same,1,0.00%
2024-11-01,category,otc sh,2,any,1,0.00%
2024-11-01,category,otc sh,2,same,1,0.00%
2024-11-01,category,otc sh,3,any,1,0.00%
2024-11-01,category,otc sh,3,same,1,0.00%
2024-11-01,category,otc sh,4,any,1,0.00%
2024-11-01,category,otc sh,4,same,1,0.00%
2024-11-01,category,otc sh,5,any,1,0.00%
2024-11-01,category,otc sh,5,same,1,0.00%
2024-11-01,category,otc sh,6,any,1,0.00%
2024-11-01,category,otc sh,6,same,1,0.00%
2024-11-01,category,otc sh,7,any,1,0.00%
2024-11-01,category,otc sh,7,same,1,0.00%
2024-11-01,category,otc sh,8,any,1,0.00%
2024-11-01,category,otc sh,8,same,1,0.00%
2024-11-01,category,otc sh,9,any,1,0.00%
2024-11-01,category,otc sh,9,same,1,0.00%
2024-11-01,category,otc sh,10,any,1,0.00%
2024-11-01,category,otc sh,10,same,1,0.00%
2025-01-01,category,otc sh,0,any,1,100.00%
2025-01-01,category,otc sh,0,same,1,100.00%
2025-01-01,category,otc sh,1,any,1,0.00%
2025-01-01,category,otc sh,1,same,1,0.00%
2025-01-01,category,otc sh,2,any,1,0.00%
2025-01-01,category,otc sh,2,same,1,0.00%
2025-01-01,category,otc sh,3,any,1,0.00%
2025-01-01,category,otc sh,3,same,1,0.00%
2025-01-01,category,otc sh,4,any,1,0.00%
2025-01-01,category,otc sh,4,same,1,0.00%
2025-01-01,category,otc sh,5,any,1,0.00%
2025-01-01,category,otc sh,5,same,1,0.00%
2025-01-01,category,otc sh,6,any,1,0.00%
2025-01-01,category,otc sh,6,same,1,0.00%
2025-01-01,category,otc sh,7,any,1,0.00%
2025-01-01,category,otc sh,7,same,1,0.00%
2025-01-01,category,otc sh,8,any,1,0.00%
2025-01-01,category,otc sh,8,same,1,0.00%
2025-04-01,category,otc sh,0,any,1,100.00%
2025-04-01,category,otc sh,0,same,1,100.00%
2025-04-01,category,otc sh,1,any,1,0.00%
2025-04-01,category,otc sh,1,same,1,0.00%
2025-04-01,category,otc sh,2,any,1,0.00%
2025-04-01,category,otc sh,2,same,1,0.00%
2025-04-01,category,otc sh,3,any,1,0.00%
2025-04-01,category,otc sh,3,same,1,0.00%
2025-04-01,category,otc sh,4,any,1,0.00%
2025-04-01,category,otc sh,4,same,1,0.00%
2025-04-01,category,otc sh,5,any,1,0.00%
2025-04-01,category,otc sh,5,same,1,0.00%
2025-06-01,category,otc sh,0,any,6,100.00%
2025-06-01,category,otc sh,0,same,6,100.00%
2025-06-01,category,otc sh,1,any,6,0.00%
2025-06-01,category,otc sh,1,same,6,0.00%
2025-06-01,category,otc sh,2,any,6,0.00%
2025-06-01,category,otc sh,2,same,6,0.00%
2025-06-01,category,otc sh,3,any,6,0.00%
2025-06-01,category,otc sh,3,same,6,0.00%
2025-07-01,category,otc sh,0,any,3,100.00%
2025-07-01,category,otc sh,0,same,3,100.00%
2025-07-01,category,otc sh,1,any,3,0.00%
2025-07-01,category,otc sh,1,same,3,0.00%
2025-07-01,category,otc sh,2,any,3,0.00%
2025-07-01,category,otc sh,2,same,3,0.00%
2025-08-01,category,otc sh,0,any,4,100.00%
2025-08-01,category,otc sh,0,same,4,100.00%
2025-08-01,category,otc sh,1,any,4,25.00%
2025-08-01,category,otc sh,1,same,4,25.00%
2025-09-01,category,otc sh,0,any,4,100.00%
2025-09-01,category,otc sh,0,same,4,100.00%
2025-01-01,category,otc sk,0,any,2,100.00%
2025-01-01,category,otc sk,0,same,2,100.00%
2025-01-01,category,otc sk,1,any,2,0.00%
2025-01-01,category,otc sk,1,same,2,0.00%
2025-01-01,category,otc sk,2,any,2,50.00%
2025-01-01,category,otc sk,2,same,2,50.00%
2025-01-01,category,otc sk,3,any,2,0.00%
2025-01-01,category,otc sk,3,same,2,0.00%
2025-01-01,category,otc sk,4,any,2,0.00%
2025-01-01,category,otc sk,4,same,2,0.00%
2025-01-01,category,otc sk,5,any,2,0.00%
2025-01-01,category,otc sk,5,same,2,0.00%
2025-01-01,category,otc sk,6,any,2,0.00%
2025-01-01,category,otc sk,6,same,2,0.00%
2025-01-01,category,otc sk,7,any,2,0.00%
2025-01-01,category,otc sk,7,same,2,0.00%
2025-01-01,category,otc sk,8,any,2,0.00%
2025-01-01,category,otc sk,8,same,2,0.00%
2025-06-01,category,otc sk,0,any,1,100.00%
2025-06-01,category,otc sk,0,same,1,100.00%
2025-06-01,category,otc sk,1,any,1,0.00%
2025-06-01,category,otc sk,1,same,1,0.00%
2025-06-01,category,otc sk,2,any,1,0.00%
2025-06-01,category,otc sk,2,same,1,0.00%
2025-06-01,category,otc sk,3,any,1,0.00%
2025-06-01,category,otc sk,3,same,1,0.00%
2025-07-01,category,otc sk,0,any,1,100.00%
2025-07-01,category,otc sk,0,same,1,100.00%
2025-07-01,category,otc sk,1,any,1,0.00%
2025-07-01,category,otc sk,1,same,1,0.00%
2025-07-01,category,otc sk,2,any,1,0.00%
2025-07-01,category,otc sk,2,same,1,0.00%
2025-09-01,category,otc sk,0,any,1,100.00%
2025-09-01,category,otc sk,0,same,1,100.00%
2025-05-01,category,pom bg,0,any,2,100.00%
2025-05-01,category,pom bg,0,same,2,100.00%
2025-05-01,category,pom bg,1,any,2,0.00%
2025-05-01,category,pom bg,1,same,2,0.00%
2025-05-01,category,pom bg,2,any,2,0.00%
2025-05-01,category,pom bg,2,same,2,0.00%
2025-05-01,category,pom bg,3,any,2,0.00%
2025-05-01,category,pom bg,3,same,2,0.00%
2025-05-01,category,pom bg,4,any,2,0.00%
2025-05-01,category,pom bg,4,same,2,0.00%
2025-06-01,category,pom bg,0,any,1,100.00%
2025-06-01,category,pom bg,0,same,1,100.00%
2025-06-01,category,pom bg,1,any,1,0.00%
2025-06-01,category,pom bg,1,same,1,0.00%
2025-06-01,category,pom bg,2,any,1,0.00%
2025-06-01,category,pom bg,2,same,1,0.00%
2025-06-01,category,pom bg,3,any,1,0.00%
2025-06-01,category,pom bg,3,same,1,0.00%
2025-07-01,category,pom bg,0,any,1,100.00%
2025-07-01,category,pom bg,0,same,1,100.00%
2025-07-01,category,pom bg,1,any,1,100.00%
2025-07-01,category,pom bg,1,same,1,100.00%
2025-07-01,category,pom bg,2,any,1,0.00%
2025-07-01,category,pom bg,2,same,1,0.00%
2025-08-01,category,pom bg,0,any,3,100.00%
2025-08-01,category,pom bg,0,same,3,100.00%
2025-08-01,category,pom bg,1,any,3,33.33%
2025-08-01,category,pom bg,1,same,3,33.33%
2025-09-01,category,pom bg,0,any,1,100.00%
2025-09-01,category,pom bg,0,same,1,100.00%
2024-10-01,category,pom hl,0,any,3,100.00%
2024-10-01,category,pom hl,0,same,3,100.00%
2024-10-01,category,pom hl,1,any,3,66.67%
2024-10-01,category,pom hl,1,same,3,66.67%
2024-10-01,category,pom hl,2,any,3,66.67%
2024-10-01,category,pom hl,2,same,3,66.67%
2024-10-01,category,pom hl,3,any,3,66.67%
2024-10-01,category,pom hl,3,same,3,66.67%
2024-10-01,category,pom hl,4,any,3,33.33%
2024-10-01,category,pom hl,4,same,3,33.33%
2024-10-01,category,pom hl,5,any,3,0.00%
2024-10-01,category,pom hl,5,same,3,0.00%
2024-10-01,category,pom hl,6,any,3,0.00%
2024-10-01,category,pom hl,6,same,3,0.00%
2024-10-01,category,pom hl,7,any,3,33.33%
2024-10-01,category,pom hl,7,same,3,33.33%
2024-10-01,category,pom hl,8,any,3,33.33%
2024-10-01,category,pom hl,8,same,3,33.33%
2024-10-01,category,pom hl,9,any,3,33.33%
2024-10-01,category,pom hl,9,same,3,33.33%
2024-10-01,category,pom hl,10,any,3,0.00%
2024-10-01,category,pom hl,10,same,3,0.00%
2024-10-01,category,pom hl,11,any,3,0.00%
2024-10-01,category,pom hl,11,same,3,0.00%
2024-11-01,category,pom hl,0,any,3,100.00%
2024-11-01,category,pom hl,0,same,3,100.00%
2024-11-01,category,pom hl,1,any,3,66.67%
2024-11-01,category,pom hl,1,same,3,66.67%
2024-11-01,category,pom hl,2,any,3,33.33%
2024-11-01,category,pom hl,2,same,3,33.33%
2024-11-01,category,pom hl,3,any,3,33.33%
2024-11-01,category,pom hl,3,same,3,33.33%
2024-11-01,category,pom hl,4,any,3,33.33%
2024-11-01,category,pom hl,4,same,3,33.33%
2024-11-01,category,pom hl,5,any,3,33.33%
2024-11-01,category,pom hl,5,same,3,33.33%
2024-11-01,category,pom hl,6,any,3,33.33%
2024-11-01,category,pom hl,6,same,3,33.33%
2024-11-01,category,pom hl,7,any,3,0.00%
2024-11-01,category,pom hl,7,same,3,0.00%
2024-11-01,category,pom hl,8,any,3,33.33%
2024-11-01,category,pom hl,8,same,3,33.33%
2024-11-01,category,pom hl,9,any,3,33.33%
2024-11-01,category,pom hl,9,same,3,33.33%
2024-11-01,category,pom hl,10,any,3,33.33%
2024-11-01,category,pom hl,10,same,3,33.33%
2024-12-01,category,pom hl,0,any,14,100.00%
2024-12-01,category,pom hl,0,same,14,100.00%
2024-12-01,category,pom hl,1,any,14,71.43%
2024-12-01,category,pom hl,1,same,14,71.43%
2024-12-01,category,pom hl,2,any,14,78.57%
2024-12-01,category,pom hl,2,same,14,78.57%
2024-12-01,category,pom hl,3,any,14,78.57%
2024-12-01,category,pom hl,3,same,14,78.57%
2024-12-01,category,pom hl,4,any,14,78.57%
2024-12-01,category,pom hl,4,same,14,78.57%
2024-12-01,category,pom hl,5,any,14,71.43%
2024-12-01,category,pom hl,5,same,14,71.43%
2024-12-01,category,pom hl,6,any,14,50.00%
2024-12-01,category,pom hl,6,same,14,50.00%
2024-12-01,category,pom hl,7,any,14,42.86%
2024-12-01,category,pom hl,7,same,14,35.71%
2024-12-01,category,pom hl,8,any,14,50.00%
2024-12-01,category,pom hl,8,same,14,50.00%
2024-12-01,category,pom hl,9,any,14,35.71%
2024-12-01,category,pom hl,9,same,14,35.71%
2025-01-01,category,pom hl,0,any,5,100.00%
2025-01-01,category,pom hl,0,same,5,100.00%
2025-01-01,category,pom hl,1,any,5,80.00%
2025-01-01,category,pom hl,1,same,5,80.00%
2025-01-01,category,pom hl,2,any,5,80.00%
2025-01-01,category,pom hl,2,same,5,80.00%
2025-01-01,category,pom hl,3,any,5,20.00%
2025-01-01,category,pom hl,3,same,5,20.00%
2025-01-01,category,pom hl,4,any,5,20.00%
2025-01-01,category,pom hl,4,same,5,20.00%
2025-01-01,category,pom hl,5,any,5,20.00%
2025-01-01,category,pom hl,5,same,5,20.00%
2025-01-01,category,pom hl,6,any,5,20.00%
2025-01-01,category,pom hl,6,same,5,20.00%
2025-01-01,category,pom hl,7,any,5,20.00%
2025-01-01,category,pom hl,7,same,5,20.00%
2025-01-01,category,pom hl,8,any,5,20.00%
2025-01-01,category,pom hl,8,same,5,20.00%
2025-02-01,category,pom hl,0,any,10,100.00%
2025-02-01,category,pom hl,0,same,10,100.00%
2025-02-01,category,pom hl,1,any,10,80.00%
2025-02-01,category,pom hl,1,same,10,80.00%
2025-02-01,category,pom hl,2,any,10,70.00%
2025-02-01,category,pom hl,2,same,10,70.00%
2025-02-01,category,pom hl,3,any,10,40.00%
2025-02-01,category,pom hl,3,same,10,40.00%
2025-02-01,category,pom hl,4,any,10,50.00%
2025-02-01,category,pom hl,4,same,10,50.00%
2025-02-01,category,pom hl,5,any,10,30.00%
2025-02-01,category,pom hl,5,same,10,30.00%
2025-02-01,category,pom hl,6,any,10,40.00%
2025-02-01,category,pom hl,6,same,10,40.00%
2025-02-01,category,pom hl,7,any,10,40.00%
2025-02-01,category,pom hl,7,same,10,40.00%
2025-03-01,category,pom hl,0,any,47,100.00%
2025-03-01,category,pom hl,0,same,47,100.00%
2025-03-01,category,pom hl,1,any,47,59.57%
2025-03-01,category,pom hl,1,same,47,57.45%
2025-03-01,category,pom hl,2,any,47,53.19%
2025-03-01,category,pom hl,2,same,47,53.19%
2025-03-01,category,pom hl,3,any,47,48.94%
2025-03-01,category,pom hl,3,same,47,48.94%
2025-03-01,category,pom hl,4,any,47,44.68%
2025-03-01,category,pom hl,4,same,47,44.68%
2025-03-01,category,pom hl,5,any,47,44.68%
2025-03-01,category,pom hl,5,same,47,44.68%
2025-03-01,category,pom hl,6,any,47,38.30%
2025-03-01,category,pom hl,6,same,47,38.30%
2025-04-01,category,pom hl,0,any,72,100.00%
2025-04-01,category,pom hl,0,same,72,100.00%
2025-04-01,category,pom hl,1,any,72,43.06%
2025-04-01,category,pom hl,1,same,72,43.06%
2025-04-01,category,pom hl,2,any,72,45.83%
2025-04-01,category,pom hl,2,same,72,45.83%
2025-04-01,category,pom hl,3,any,72,50.00%
2025-04-01,category,pom hl,3,same,72,50.00%
2025-04-01,category,pom hl,4,any,72,43.06%
2025-04-01,category,pom hl,4,same,72,43.06%
2025-04-01,category,pom hl,5,any,72,41.67%
2025-04-01,category,pom hl,5,same,72,41.67%
2025-05-01,category,pom hl,0,any,75,100.00%
2025-05-01,category,pom hl,0,same,75,100.00%
2025-05-01,category,pom hl,1,any,75,53.33%
2025-05-01,category,pom hl,1,same,75,53.33%
2025-05-01,category,pom hl,2,any,75,49.33%
2025-05-01,category,pom hl,2,same,75,49.33%
2025-05-01,category,pom hl,3,any,75,42.67%
2025-05-01,category,pom hl,3,same,75,42.67%
2025-05-01,category,pom hl,4,any,75,34.67%
2025-05-01,category,pom hl,4,same,75,34.67%
2025-06-01,category,pom hl,0,any,70,100.00%
2025-06-01,category,pom hl,0,same,70,100.00%
2025-06-01,category,pom hl,1,any,70,51.43%
2025-06-01,category,pom hl,1,same,70,51.43%
2025-06-01,category,pom hl,2,any,70,55.71%
2025-06-01,category,pom hl,2,same,70,55.71%
2025-06-01,category,pom hl,3,any,70,44.29%
2025-06-01,category,pom hl,3,same,70,44.29%
2025-07-01,category,pom hl,0,any,70,100.00%
2025-07-01,category,pom hl,0,same,70,100.00%
2025-07-01,category,pom hl,1,any,70,34.29%
2025-07-01,category,pom hl,1,same,70,32.86%
2025-07-01,category,pom hl,2,any,70,37.14%
2025-07-01,category,pom hl,2,same,70,34.29%
2025-08-01,category,pom hl,0,any,59,100.00%
2025-08-01,category,pom hl,0,same,59,100.00%
2025-08-01,category,pom hl,1,any,59,28.81%
2025-08-01,category,pom hl,1,same,59,28.81%
2025-09-01,category,pom hl,0,any,55,100.00%
2025-09-01,category,pom hl,0,same,55,100.00%
2024-11-01,category,pom sh,0,any,1,100.00%
2024-11-01,category,pom sh,0,same,1,100.00%
2024-11-01,category,pom sh,1,any,1,0.00%
2024-11-01,category,pom sh,1,same,1,0.00%
2024-11-01,category,pom sh,2,any,1,0.00%
2024-11-01,category,pom sh,2,same,1,0.00%
2024-11-01,category,pom sh,3,any,1,0.00%
2024-11-01,category,pom sh,3,same,1,0.00%
2024-11-01,category,pom sh,4,any,1,0.00%
2024-11-01,category,pom sh,4,same,1,0.00%
2024-11-01,category,pom sh,5,any,1,0.00%
2024-11-01,category,pom sh,5,same,1,0.00%
2024-11-01,category,pom sh,6,any,1,0.00%
2024-11-01,category,pom sh,6,same,1,0.00%
2024-11-01,category,pom sh,7,any,1,0.00%
2024-11-01,category,pom sh,7,same,1,0.00%
2024-11-01,category,pom sh,8,any,1,0.00%
2024-11-01,category,pom sh,8,same,1,0.00%
2024-11-01,category,pom sh,9,any,1,0.00%
2024-11-01,category,pom sh,9,same,1,0.00%
2024-11-01,category,pom sh,10,any,1,0.00%
2024-11-01,category,pom sh,10,same,1,0.00%
2024-12-01,category,pom sh,0,any,5,100.00%
2024-12-01,category,pom sh,0,same,5,100.00%
2024-12-01,category,pom sh,1,any,5,40.00%
2024-12-01,category,pom sh,1,same,5,20.00%
2024-12-01,category,pom sh,2,any,5,40.00%
2024-12-01,category,pom sh,2,same,5,20.00%
2024-12-01,category,pom sh,3,any,5,20.00%
2024-12-01,category,pom sh,3,same,5,20.00%
2024-12-01,category,pom sh,4,any,5,40.00%
2024-12-01,category,pom sh,4,same,5,20.00%
2024-12-01,category,pom sh,5,any,5,20.00%
2024-12-01,category,pom sh,5,same,5,0.00%
2024-12-01,category,pom sh,6,any,5,0.00%
2024-12-01,category,pom sh,6,same,5,0.00%
2024-12-01,category,pom sh,7,any,5,0.00%
2024-12-01,category,pom sh,7,same,5,0.00%
2024-12-01,category,pom sh,8,any,5,0.00%
2024-12-01,category,pom sh,8,same,5,0.00%
2024-12-01,category,pom sh,9,any,5,0.00%
2024-12-01,category,pom sh,9,same,5,0.00%
2025-01-01,category,pom sh,0,any,12,100.00%
2025-01-01,category,pom sh,0,same,12,100.00%
2025-01-01,category,pom sh,1,any,12,16.67%
2025-01-01,category,pom sh,1,same,12,16.67%
2025-01-01,category,pom sh,2,any,12,8.33%
2025-01-01,category,pom sh,2,same,12,8.33%
2025-01-01,category,pom sh,3,any,12,16.67%
2025-01-01,category,pom sh,3,same,12,16.67%
2025-01-01,category,pom sh,4,any,12,8.33%
2025-01-01,category,pom sh,4,same,12,8.33%
2025-01-01,category,pom sh,5,any,12,8.33%
2025-01-01,category,pom sh,5,same,12,8.33%
2025-01-01,category,pom sh,6,any,12,0.00%
2025-01-01,category,pom sh,6,same,12,0.00%
2025-01-01,category,pom sh,7,any,12,16.67%
2025-01-01,category,pom sh,7,same,12,16.67%
2025-01-01,category,pom sh,8,any,12,0.00%
2025-01-01,category,pom sh,8,same,12,0.00%
2025-02-01,category,pom sh,0,any,5,100.00%
2025-02-01,category,pom sh,0,same,5,100.00%
2025-02-01,category,pom sh,1,any,5,20.00%
2025-02-01,category,pom sh,1,same,5,20.00%
2025-02-01,category,pom sh,2,any,5,20.00%
2025-02-01,category,pom sh,2,same,5,20.00%
2025-02-01,category,pom sh,3,any,5,20.00%
2025-02-01,category,pom sh,3,same,5,20.00%
2025-02-01,category,pom sh,4,any,5,0.00%
2025-02-01,category,pom sh,4,same,5,0.00%
2025-02-01,category,pom sh,5,any,5,40.00%
2025-02-01,category,pom sh,5,same,5,40.00%
2025-02-01,category,pom sh,6,any,5,0.00%
2025-02-01,category,pom sh,6,same,5,0.00%
2025-02-01,category,pom sh,7,any,5,20.00%
2025-02-01,category,pom sh,7,same,5,0.00%
2025-03-01,category,pom sh,0,any,6,100.00%
2025-03-01,category,pom sh,0,same,6,100.00%
2025-03-01,category,pom sh,1,any,6,50.00%
2025-03-01,category,pom sh,1,same,6,50.00%
2025-03-01,category,pom sh,2,any,6,16.67%
2025-03-01,category,pom sh,2,same,6,16.67%
2025-03-01,category,pom sh,3,any,6,33.33%
2025-03-01,category,pom sh,3,same,6,33.33%
2025-03-01,category,pom sh,4,any,6,16.67%
2025-03-01,category,pom sh,4,same,6,16.67%
2025-03-01,category,pom sh,5,any,6,50.00%
2025-03-01,category,pom sh,5,same,6,50.00%
2025-03-01,category,pom sh,6,any,6,16.67%
2025-03-01,category,pom sh,6,same,6,16.67%
2025-04-01,category,pom sh,0,any,4,100.00%
2025-04-01,category,pom sh,0,same,4,100.00%
2025-04-01,category,pom sh,1,any,4,0.00%
2025-04-01,category,pom sh,1,same,4,0.00%
2025-04-01,category,pom sh,2,any,4,25.00%
2025-04-01,category,pom sh,2,same,4,25.00%
2025-04-01,category,pom sh,3,any,4,0.00%
2025-04-01,category,pom sh,3,same,4,0.00%
2025-04-01,category,pom sh,4,any,4,0.00%
2025-04-01,category,pom sh,4,same,4,0.00%
2025-04-01,category,pom sh,5,any,4,0.00%
2025-04-01,category,pom sh,5,same,4,0.00%
2025-05-01,category,pom sh,0,any,3,100.00%
2025-05-01,category,pom sh,0,same,3,100.00%
2025-05-01,category,pom sh,1,any,3,0.00%
2025-05-01,category,pom sh,1,same,3,0.00%
2025-05-01,category,pom sh,2,any,3,0.00%
2025-05-01,category,pom sh,2,same,3,0.00%
2025-05-01,category,pom sh,3,any,3,0.00%
2025-05-01,category,pom sh,3,same,3,0.00%
2025-05-01,category,pom sh,4,any,3,0.00%
2025-05-01,category,pom sh,4,same,3,0.00%
2025-06-01,category,pom sh,0,any,1,100.00%
2025-06-01,category,pom sh,0,same,1,100.00%
2025-06-01,category,pom sh,1,any,1,0.00%
2025-06-01,category,pom sh,1,same,1,0.00%
2025-06-01,category,pom sh,2,any,1,0.00%
2025-06-01,category,pom sh,2,same,1,0.00%
2025-06-01,category,pom sh,3,any,1,0.00%
2025-06-01,category,pom sh,3,same,1,0.00%
2025-07-01,category,pom sh,0,any,4,100.00%
2025-07-01,category,pom sh,0,same,4,100.00%
2025-07-01,category,pom sh,1,any,4,0.00%
2025-07-01,category,pom sh,1,same,4,0.00%
2025-07-01,category,pom sh,2,any,4,0.00%
2025-07-01,category,pom sh,2,same,4,0.00%
2025-08-01,category,pom sh,0,any,5,100.00%
2025-08-01,category,pom sh,0,same,5,100.00%
2025-08-01,category,pom sh,1,any,5,0.00%
2025-08-01,category,pom sh,1,same,5,0.00%
2025-09-01,category,pom sh,0,any,11,100.00%
2025-09-01,category,pom sh,0,same,11,100.00%
2024-10-01,overall,ALL,0,any,3,100.00%
2024-10-01,overall,ALL,1,any,3,66.67%
2024-10-01,overall,ALL,2,any,3,66.67%
2024-10-01,overall,ALL,3,any,3,66.67%
2024-10-01,overall,ALL,4,any,3,33.33%
2024-10-01,overall,ALL,5,any,3,0.00%
2024-10-01,overall,ALL,6,any,3,0.00%
2024-10-01,overall,ALL,7,any,3,33.33%
2024-10-01,overall,ALL,8,any,3,33.33%
2024-10-01,overall,ALL,9,any,3,33.33%
2024-10-01,overall,ALL,10,any,3,0.00%
2024-10-01,overall,ALL,11,any,3,0.00%
2024-11-01,overall,ALL,0,any,5,100.00%
2024-11-01,overall,ALL,1,any,5,40.00%
2024-11-01,overall,ALL,2,any,5,20.00%
2024-11-01,overall,ALL,3,any,5,20.00%
2024-11-01,overall,ALL,4,any,5,20.00%
2024-11-01,overall,ALL,5,any,5,20.00%
2024-11-01,overall,ALL,6,any,5,20.00%
2024-11-01,overall,ALL,7,any,5,0.00%
2024-11-01,overall,ALL,8,any,5,20.00%
2024-11-01,overall,ALL,9,any,5,20.00%
2024-11-01,overall,ALL,10,any,5,20.00%
2024-12-01,overall,ALL,0,any,19,100.00%
2024-12-01,overall,ALL,1,any,19,63.16%
2024-12-01,overall,ALL,2,any,19,68.42%
2024-12-01,overall,ALL,3,any,19,63.16%
2024-12-01,overall,ALL,4,any,19,68.42%
2024-12-01,overall,ALL,5,any,19,57.89%
2024-12-01,overall,ALL,6,any,19,36.84%
2024-12-01,overall,ALL,7,any,19,31.58%
2024-12-01,overall,ALL,8,any,19,36.84%
2024-12-01,overall,ALL,9,any,19,26.32%
2025-01-01,overall,ALL,0,any,21,100.00%
2025-01-01,overall,ALL,1,any,21,28.57%
2025-01-01,overall,ALL,2,any,21,28.57%
2025-01-01,overall,ALL,3,any,21,14.29%
2025-01-01,overall,ALL,4,any,21,9.52%
2025-01-01,overall,ALL,5,any,21,9.52%
2025-01-01,overall,ALL,6,any,21,4.76%
2025-01-01,overall,ALL,7,any,21,14.29%
2025-01-01,overall,ALL,8,any,21,4.76%
2025-02-01,overall,ALL,0,any,15,100.00%
2025-02-01,overall,ALL,1,any,15,60.00%
2025-02-01,overall,ALL,2,any,15,53.33%
2025-02-01,overall,ALL,3,any,15,33.33%
2025-02-01,overall,ALL,4,any,15,33.33%
2025-02-01,overall,ALL,5,any,15,33.33%
2025-02-01,overall,ALL,6,any,15,26.67%
2025-02-01,overall,ALL,7,any,15,33.33%
2025-03-01,overall,ALL,0,any,62,100.00%
2025-03-01,overall,ALL,1,any,62,50.00%
2025-03-01,overall,ALL,2,any,62,41.94%
2025-03-01,overall,ALL,3,any,62,40.32%
2025-03-01,overall,ALL,4,any,62,35.48%
2025-03-01,overall,ALL,5,any,62,38.71%
2025-03-01,overall,ALL,6,any,62,32.26%
2025-04-01,overall,ALL,0,any,79,100.00%
2025-04-01,overall,ALL,1,any,79,39.24%
2025-04-01,overall,ALL,2,any,79,43.04%
2025-04-01,overall,ALL,3,any,79,45.57%
2025-04-01,overall,ALL,4,any,79,39.24%
2025-04-01,overall,ALL,5,any,79,37.97%
2025-05-01,overall,ALL,0,any,81,100.00%
2025-05-01,overall,ALL,1,any,81,49.38%
2025-05-01,overall,ALL,2,any,81,45.68%
2025-05-01,overall,ALL,3,any,81,39.51%
2025-05-01,overall,ALL,4,any,81,32.10%
2025-06-01,overall,ALL,0,any,79,100.00%
2025-06-01,overall,ALL,1,any,79,45.57%
2025-06-01,overall,ALL,2,any,79,49.37%
2025-06-01,overall,ALL,3,any,79,39.24%
2025-07-01,overall,ALL,0,any,81,100.00%
2025-07-01,overall,ALL,1,any,81,30.86%
2025-07-01,overall,ALL,2,any,81,32.10%
2025-08-01,overall,ALL,0,any,74,100.00%
2025-08-01,overall,ALL,1,any,74,25.68%
2025-09-01,overall,ALL,0,any,74,100.00%
2025-01-01,sku,advanced routine,0,any,1,100.00%
2025-01-01,sku,advanced routine,0,same,1,100.00%
2025-01-01,sku,advanced routine,1,any,1,0.00%
2025-01-01,sku,advanced routine,1,same,1,0.00%
2025-01-01,sku,advanced routine,2,any,1,0.00%
2025-01-01,sku,advanced routine,2,same,1,0.00%
2025-01-01,sku,advanced routine,3,any,1,0.00%
2025-01-01,sku,advanced routine,3,same,1,0.00%
2025-01-01,sku,advanced routine,4,any,1,0.00%
2025-01-01,sku,advanced routine,4,same,1,0.00%
2025-01-01,sku,advanced routine,5,any,1,0.00%
2025-01-01,sku,advanced routine,5,same,1,0.00%
2025-01-01,sku,advanced routine,6,any,1,0.00%
2025-01-01,sku,advanced routine,6,same,1,0.00%
2025-01-01,sku,advanced routine,7,any,1,0.00%
2025-01-01,sku,advanced routine,7,same,1,0.00%
2025-01-01,sku,advanced routine,8,any,1,0.00%
2025-01-01,sku,advanced routine,8,same,1,0.00%
2025-03-01,sku,advanced routine,0,any,3,100.00%
2025-03-01,sku,advanced routine,0,same,3,100.00%
2025-03-01,sku,advanced routine,1,any,3,66.67%
2025-03-01,sku,advanced routine,1,same,3,33.33%
2025-03-01,sku,advanced routine,2,any,3,66.67%
2025-03-01,sku,advanced routine,2,same,3,0.00%
2025-03-01,sku,advanced routine,3,any,3,33.33%
2025-03-01,sku,advanced routine,3,same,3,0.00%
2025-03-01,sku,advanced routine,4,any,3,0.00%
2025-03-01,sku,advanced routine,4,same,3,0.00%
2025-03-01,sku,advanced routine,5,any,3,33.33%
2025-03-01,sku,advanced routine,5,same,3,0.00%
2025-03-01,sku,advanced routine,6,any,3,33.33%
2025-03-01,sku,advanced routine,6,same,3,0.00%
2025-04-01,sku,advanced routine,0,any,1,100.00%
2025-04-01,sku,advanced routine,0,same,1,100.00%
2025-04-01,sku,advanced routine,1,any,1,0.00%
2025-04-01,sku,advanced routine,1,same,1,0.00%
2025-04-01,sku,advanced routine,2,any,1,0.00%
2025-04-01,sku,advanced routine,2,same,1,0.00%
2025-04-01,sku,advanced routine,3,any,1,0.00%
2025-04-01,sku,advanced routine,3,same,1,0.00%
2025-04-01,sku,advanced routine,4,any,1,100.00%
2025-04-01,sku,advanced routine,4,same,1,0.00%
2025-04-01,sku,advanced routine,5,any,1,0.00%
2025-04-01,sku,advanced routine,5,same,1,0.00%
2025-06-01,sku,advanced routine,0,any,3,100.00%
2025-06-01,sku,advanced routine,0,same,3,100.00%
2025-06-01,sku,advanced routine,1,any,3,66.67%
2025-06-01,sku,advanced routine,1,same,3,0.00%
2025-06-01,sku,advanced routine,2,any,3,66.67%
2025-06-01,sku,advanced routine,2,same,3,0.00%
2025-06-01,sku,advanced routine,3,any,3,66.67%
2025-06-01,sku,advanced routine,3,same,3,0.00%
2025-07-01,sku,advanced routine,0,any,3,100.00%
2025-07-01,sku,advanced routine,0,same,3,100.00%
2025-07-01,sku,advanced routine,1,any,3,33.33%
2025-07-01,sku,advanced routine,1,same,3,0.00%
2025-07-01,sku,advanced routine,2,any,3,33.33%
2025-07-01,sku,advanced routine,2,same,3,0.00%
2025-08-01,sku,advanced routine,0,any,1,100.00%
2025-08-01,sku,advanced routine,0,same,1,100.00%
2025-08-01,sku,advanced routine,1,any,1,0.00%
2025-08-01,sku,advanced routine,1,same,1,0.00%
2025-09-01,sku,advanced routine,0,any,3,100.00%
2025-09-01,sku,advanced routine,0,same,3,100.00%
2025-04-01,sku,beard growth serum,0,any,2,100.00%
2025-04-01,sku,beard growth serum,0,same,2,100.00%
2025-04-01,sku,beard growth serum,1,any,2,50.00%
2025-04-01,sku,beard growth serum,1,same,2,0.00%
2025-04-01,sku,beard growth serum,2,any,2,50.00%
2025-04-01,sku,beard growth serum,2,same,2,0.00%
2025-04-01,sku,beard growth serum,3,any,2,100.00%
2025-04-01,sku,beard growth serum,3,same,2,0.00%
2025-04-01,sku,beard growth serum,4,any,2,0.00%
2025-04-01,sku,beard growth serum,4,same,2,0.00%
2025-04-01,sku,beard growth serum,5,any,2,50.00%
2025-04-01,sku,beard growth serum,5,same,2,0.00%
2025-05-01,sku,beard growth serum,0,any,2,100.00%
2025-05-01,sku,beard growth serum,0,same,2,100.00%
2025-05-01,sku,beard growth serum,1,any,2,0.00%
2025-05-01,sku,beard growth serum,1,same,2,0.00%
2025-05-01,sku,beard growth serum,2,any,2,0.00%
2025-05-01,sku,beard growth serum,2,same,2,0.00%
2025-05-01,sku,beard growth serum,3,any,2,0.00%
2025-05-01,sku,beard growth serum,3,same,2,0.00%
2025-05-01,sku,beard growth serum,4,any,2,0.00%
2025-05-01,sku,beard growth serum,4,same,2,0.00%
2025-06-01,sku,beard growth serum,0,any,2,100.00%
2025-06-01,sku,beard growth serum,0,same,2,100.00%
2025-06-01,sku,beard growth serum,1,any,2,0.00%
2025-06-01,sku,beard growth serum,1,same,2,0.00%
2025-06-01,sku,beard growth serum,2,any,2,0.00%
2025-06-01,sku,beard growth serum,2,same,2,0.00%
2025-06-01,sku,beard growth serum,3,any,2,0.00%
2025-06-01,sku,beard growth serum,3,same,2,0.00%
2025-07-01,sku,beard growth serum,0,any,2,100.00%
2025-07-01,sku,beard growth serum,0,same,2,100.00%
2025-07-01,sku,beard growth serum,1,any,2,50.00%
2025-07-01,sku,beard growth serum,1,same,2,50.00%
2025-07-01,sku,beard growth serum,2,any,2,0.00%
2025-07-01,sku,beard growth serum,2,same,2,0.00%
2025-08-01,sku,beard growth serum,0,any,3,100.00%
2025-08-01,sku,beard growth serum,0,same,3,100.00%
2025-08-01,sku,beard growth serum,1,any,3,33.33%
2025-08-01,sku,beard growth serum,1,same,3,33.33%
2025-09-01,sku,beard growth serum,0,any,2,100.00%
2025-09-01,sku,beard growth serum,0,same,2,100.00%
2025-04-01,sku,cleanser,0,any,1,100.00%
2025-04-01,sku,cleanser,0,same,1,100.00%
2025-04-01,sku,cleanser,1,any,1,0.00%
2025-04-01,sku,cleanser,1,same,1,0.00%
2025-04-01,sku,cleanser,2,any,1,0.00%
2025-04-01,sku,cleanser,2,same,1,0.00%
2025-04-01,sku,cleanser,3,any,1,0.00%
2025-04-01,sku,cleanser,3,same,1,0.00%
2025-04-01,sku,cleanser,4,any,1,0.00%
2025-04-01,sku,cleanser,4,same,1,0.00%
2025-04-01,sku,cleanser,5,any,1,0.00%
2025-04-01,sku,cleanser,5,same,1,0.00%
2025-07-01,sku,cleanser,0,any,1,100.00%
2025-07-01,sku,cleanser,0,same,1,100.00%
2025-07-01,sku,cleanser,1,any,1,0.00%
2025-07-01,sku,cleanser,1,same,1,0.00%
2025-07-01,sku,cleanser,2,any,1,0.00%
2025-07-01,sku,cleanser,2,same,1,0.00%
2024-11-01,sku,delay spray,0,any,1,100.00%
2024-11-01,sku,delay spray,0,same,1,100.00%
2024-11-01,sku,delay spray,1,any,1,0.00%
2024-11-01,sku,delay spray,1,same,1,0.00%
2024-11-01,sku,delay spray,2,any,1,0.00%
2024-11-01,sku,delay spray,2,same,1,0.00%
2024-11-01,sku,delay spray,3,any,1,0.00%
2024-11-01,sku,delay spray,3,same,1,0.00%
2024-11-01,sku,delay spray,4,any,1,0.00%
2024-11-01,sku,delay spray,4,same,1,0.00%
2024-11-01,sku,delay spray,5,any,1,0.00%
2024-11-01,sku,delay spray,5,same,1,0.00%
2024-11-01,sku,delay spray,6,any,1,0.00%
2024-11-01,sku,delay spray,6,same,1,0.00%
2024-11-01,sku,delay spray,7,any,1,0.00%
2024-11-01,sku,delay spray,7,same,1,0.00%
2024-11-01,sku,delay spray,8,any,1,0.00%
2024-11-01,sku,delay spray,8,same,1,0.00%
2024-11-01,sku,delay spray,9,any,1,0.00%
2024-11-01,sku,delay spray,9,same,1,0.00%
2024-11-01,sku,delay spray,10,any,1,0.00%
2024-11-01,sku,delay spray,10,same,1,0.00%
2025-01-01,sku,delay spray,0,any,3,100.00%
2025-01-01,sku,delay spray,0,same,3,100.00%
2025-01-01,sku,delay spray,1,any,3,0.00%
2025-01-01,sku,delay spray,1,same,3,0.00%
2025-01-01,sku,delay spray,2,any,3,0.00%
2025-01-01,sku,delay spray,2,same,3,0.00%
2025-01-01,sku,delay spray,3,any,3,0.00%
2025-01-01,sku,delay spray,3,same,3,0.00%
2025-01-01,sku,delay spray,4,any,3,0.00%
2025-01-01,sku,delay spray,4,same,3,0.00%
2025-01-01,sku,delay spray,5,any,3,0.00%
2025-01-01,sku,delay spray,5,same,3,0.00%
2025-01-01,sku,delay spray,6,any,3,0.00%
2025-01-01,sku,delay spray,6,same,3,0.00%
2025-01-01,sku,delay spray,7,any,3,0.00%
2025-01-01,sku,delay spray,7,same,3,0.00%
2025-01-01,sku,delay spray,8,any,3,0.00%
2025-01-01,sku,delay spray,8,same,3,0.00%
2025-04-01,sku,delay spray,0,any,1,100.00%
2025-04-01,sku,delay spray,0,same,1,100.00%
2025-04-01,sku,delay spray,1,any,1,0.00%
2025-04-01,sku,delay spray,1,same,1,0.00%
2025-04-01,sku,delay spray,2,any,1,0.00%
2025-04-01,sku,delay spray,2,same,1,0.00%
2025-04-01,sku,delay spray,3,any,1,0.00%
2025-04-01,sku,delay spray,3,same,1,0.00%
2025-04-01,sku,delay spray,4,any,1,0.00%
2025-04-01,sku,delay spray,4,same,1,0.00%
2025-04-01,sku,delay spray,5,any,1,0.00%
2025-04-01,sku,delay spray,5,same,1,0.00%
2025-06-01,sku,delay spray,0,any,7,100.00%
2025-06-01,sku,delay spray,0,same,7,100.00%
2025-06-01,sku,delay spray,1,any,7,0.00%
2025-06-01,sku,delay spray,1,same,7,0.00%
2025-06-01,sku,delay spray,2,any,7,0.00%
2025-06-01,sku,delay spray,2,same,7,0.00%
2025-06-01,sku,delay spray,3,any,7,0.00%
2025-06-01,sku,delay spray,3,same,7,0.00%
2025-07-01,sku,delay spray,0,any,4,100.00%
2025-07-01,sku,delay spray,0,same,4,100.00%
2025-07-01,sku,delay spray,1,any,4,0.00%
2025-07-01,sku,delay spray,1,same,4,0.00%
2025-07-01,sku,delay spray,2,any,4,0.00%
2025-07-01,sku,delay spray,2,same,4,0.00%
2025-08-01,sku,delay spray,0,any,5,100.00%
2025-08-01,sku,delay spray,0,same,5,100.00%
2025-08-01,sku,delay spray,1,any,5,20.00%
2025-08-01,sku,delay spray,1,same,5,20.00%
2025-09-01,sku,delay spray,0,any,5,100.00%
2025-09-01,sku,delay spray,0,same,5,100.00%
2024-12-01,sku,essential boost,0,any,1,100.00%
2024-12-01,sku,essential boost,0,same,1,100.00%
2024-12-01,sku,essential boost,1,any,1,0.00%
2024-12-01,sku,essential boost,1,same,1,0.00%
2024-12-01,sku,essential boost,2,any,1,0.00%
2024-12-01,sku,essential boost,2,same,1,0.00%
2024-12-01,sku,essential boost,3,any,1,0.00%
2024-12-01,sku,essential boost,3,same,1,0.00%
2024-12-01,sku,essential boost,4,any,1,0.00%
2024-12-01,sku,essential boost,4,same,1,0.00%
2024-12-01,sku,essential boost,5,any,1,0.00%
2024-12-01,sku,essential boost,5,same,1,0.00%
2024-12-01,sku,essential boost,6,any,1,0.00%
2024-12-01,sku,essential boost,6,same,1,0.00%
2024-12-01,sku,essential boost,7,any,1,0.00%
2024-12-01,sku,essential boost,7,same,1,0.00%
2024-12-01,sku,essential boost,8,any,1,0.00%
2024-12-01,sku,essential boost,8,same,1,0.00%
2024-12-01,sku,essential boost,9,any,1,0.00%
2024-12-01,sku,essential boost,9,same,1,0.00%
2025-01-01,sku,essential boost,0,any,1,100.00%
2025-01-01,sku,essential boost,0,same,1,100.00%
2025-01-01,sku,essential boost,1,any,1,100.00%
2025-01-01,sku,essential boost,1,same,1,100.00%
2025-01-01,sku,essential boost,2,any,1,100.00%
2025-01-01,sku,essential boost,2,same,1,100.00%
2025-01-01,sku,essential boost,3,any,1,100.00%
2025-01-01,sku,essential boost,3,same,1,100.00%
2025-01-01,sku,essential boost,4,any,1,0.00%
2025-01-01,sku,essential boost,4,same,1,0.00%
2025-01-01,sku,essential boost,5,any,1,0.00%
2025-01-01,sku,essential boost,5,same,1,0.00%
2025-01-01,sku,essential boost,6,any,1,0.00%
2025-01-01,sku,essential boost,6,same,1,0.00%
2025-01-01,sku,essential boost,7,any,1,100.00%
2025-01-01,sku,essential boost,7,same,1,100.00%
2025-01-01,sku,essential boost,8,any,1,100.00%
2025-01-01,sku,essential boost,8,same,1,100.00%
2025-02-01,sku,essential boost,0,any,2,100.00%
2025-02-01,sku,essential boost,0,same,2,100.00%
2025-02-01,sku,essential boost,1,any,2,100.00%
2025-02-01,sku,essential boost,1,same,2,100.00%
2025-02-01,sku,essential boost,2,any,2,50.00%
2025-02-01,sku,essential boost,2,same,2,50.00%
2025-02-01,sku,essential boost,3,any,2,50.00%
2025-02-01,sku,essential boost,3,same,2,50.00%
2025-02-01,sku,essential boost,4,any,2,0.00%
2025-02-01,sku,essential boost,4,same,2,0.00%
2025-02-01,sku,essential boost,5,any,2,0.00%
2025-02-01,sku,essential boost,5,same,2,0.00%
2025-02-01,sku,essential boost,6,any,2,0.00%
2025-02-01,sku,essential boost,6,same,2,0.00%
2025-02-01,sku,essential boost,7,any,2,0.00%
2025-02-01,sku,essential boost,7,same,2,0.00%
2025-03-01,sku,essential boost,0,any,9,100.00%
2025-03-01,sku,essential boost,0,same,9,100.00%
2025-03-01,sku,essential boost,1,any,9,33.33%
2025-03-01,sku,essential boost,1,same,9,33.33%
2025-03-01,sku,essential boost,2,any,9,33.33%
2025-03-01,sku,essential boost,2,same,9,33.33%
2025-03-01,sku,essential boost,3,any,9,33.33%
2025-03-01,sku,essential boost,3,same,9,33.33%
2025-03-01,sku,essential boost,4,any,9,22.22%
2025-03-01,sku,essential boost,4,same,9,22.22%
2025-03-01,sku,essential boost,5,any,9,22.22%
2025-03-01,sku,essential boost,5,same,9,22.22%
2025-03-01,sku,essential boost,6,any,9,22.22%
2025-03-01,sku,essential boost,6,same,9,22.22%
2025-04-01,sku,essential boost,0,any,16,100.00%
2025-04-01,sku,essential boost,0,same,16,100.00%
2025-04-01,sku,essential boost,1,any,16,37.50%
2025-04-01,sku,essential boost,1,same,16,37.50%
2025-04-01,sku,essential boost,2,any,16,43.75%
2025-04-01,sku,essential boost,2,same,16,37.50%
2025-04-01,sku,essential boost,3,any,16,50.00%
2025-04-01,sku,essential boost,3,same,16,50.00%
2025-04-01,sku,essential boost,4,any,16,31.25%
2025-04-01,sku,essential boost,4,same,16,25.00%
2025-04-01,sku,essential boost,5,any,16,31.25%
2025-04-01,sku,essential boost,5,same,16,18.75%
2025-05-01,sku,essential boost,0,any,20,100.00%
2025-05-01,sku,essential boost,0,same,20,100.00%
2025-05-01,sku,essential boost,1,any,20,40.00%
2025-05-01,sku,essential boost,1,same,20,35.00%
2025-05-01,sku,essential boost,2,any,20,40.00%
2025-05-01,sku,essential boost,2,same,20,35.00%
2025-05-01,sku,essential boost,3,any,20,45.00%
2025-05-01,sku,essential boost,3,same,20,35.00%
2025-05-01,sku,essential boost,4,any,20,15.00%
2025-05-01,sku,essential boost,4,same,20,10.00%
2025-06-01,sku,essential boost,0,any,17,100.00%
2025-06-01,sku,essential boost,0,same,17,100.00%
2025-06-01,sku,essential boost,1,any,17,58.82%
2025-06-01,sku,essential boost,1,same,17,47.06%
2025-06-01,sku,essential boost,2,any,17,41.18%
2025-06-01,sku,essential boost,2,same,17,29.41%
2025-06-01,sku,essential boost,3,any,17,41.18%
2025-06-01,sku,essential boost,3,same,17,23.53%
2025-07-01,sku,essential boost,0,any,15,100.00%
2025-07-01,sku,essential boost,0,same,15,100.00%
2025-07-01,sku,essential boost,1,any,15,26.67%
2025-07-01,sku,essential boost,1,same,15,20.00%
2025-07-01,sku,essential boost,2,any,15,46.67%
2025-07-01,sku,essential boost,2,same,15,40.00%
2025-08-01,sku,essential boost,0,any,17,100.00%
2025-08-01,sku,essential boost,0,same,17,100.00%
2025-08-01,sku,essential boost,1,any,17,29.41%
2025-08-01,sku,essential boost,1,same,17,17.65%
2025-09-01,sku,essential boost,0,any,18,100.00%
2025-09-01,sku,essential boost,0,same,18,100.00%
2025-01-01,sku,essential routine,0,any,2,100.00%
2025-01-01,sku,essential routine,0,same,2,100.00%
2025-01-01,sku,essential routine,1,any,2,0.00%
2025-01-01,sku,essential routine,1,same,2,0.00%
2025-01-01,sku,essential routine,2,any,2,50.00%
2025-01-01,sku,essential routine,2,same,2,50.00%
2025-01-01,sku,essential routine,3,any,2,0.00%
2025-01-01,sku,essential routine,3,same,2,0.00%
2025-01-01,sku,essential routine,4,any,2,0.00%
2025-01-01,sku,essential routine,4,same,2,0.00%
2025-01-01,sku,essential routine,5,any,2,0.00%
2025-01-01,sku,essential routine,5,same,2,0.00%
2025-01-01,sku,essential routine,6,any,2,0.00%
2025-01-01,sku,essential routine,6,same,2,0.00%
2025-01-01,sku,essential routine,7,any,2,0.00%
2025-01-01,sku,essential routine,7,same,2,0.00%
2025-01-01,sku,essential routine,8,any,2,0.00%
2025-01-01,sku,essential routine,8,same,2,0.00%
2025-06-01,sku,essential routine,0,any,1,100.00%
2025-06-01,sku,essential routine,0,same,1,100.00%
2025-06-01,sku,essential routine,1,any,1,0.00%
2025-06-01,sku,essential routine,1,same,1,0.00%
2025-06-01,sku,essential routine,2,any,1,0.00%
2025-06-01,sku,essential routine,2,same,1,0.00%
2025-06-01,sku,essential routine,3,any,1,0.00%
2025-06-01,sku,essential routine,3,same,1,0.00%
2025-07-01,sku,essential routine,0,any,1,100.00%
2025-07-01,sku,essential routine,0,same,1,100.00%
2025-07-01,sku,essential routine,1,any,1,100.00%
2025-07-01,sku,essential routine,1,same,1,0.00%
2025-07-01,sku,essential routine,2,any,1,0.00%
2025-07-01,sku,essential routine,2,same,1,0.00%
2025-03-01,sku,eye cream,0,any,1,100.00%
2025-03-01,sku,eye cream,0,same,1,100.00%
2025-03-01,sku,eye cream,1,any,1,0.00%
2025-03-01,sku,eye cream,1,same,1,0.00%
2025-03-01,sku,eye cream,2,any,1,0.00%
2025-03-01,sku,eye cream,2,same,1,0.00%
2025-03-01,sku,eye cream,3,any,1,0.00%
2025-03-01,sku,eye cream,3,same,1,0.00%
2025-03-01,sku,eye cream,4,any,1,0.00%
2025-03-01,sku,eye cream,4,same,1,0.00%
2025-03-01,sku,eye cream,5,any,1,0.00%
2025-03-01,sku,eye cream,5,same,1,0.00%
2025-03-01,sku,eye cream,6,any,1,0.00%
2025-03-01,sku,eye cream,6,same,1,0.00%
2025-07-01,sku,eye cream,0,any,1,100.00%
2025-07-01,sku,eye cream,0,same,1,100.00%
2025-07-01,sku,eye cream,1,any,1,0.00%
2025-07-01,sku,eye cream,1,same,1,0.00%
2025-07-01,sku,eye cream,2,any,1,0.00%
2025-07-01,sku,eye cream,2,same,1,0.00%
2024-11-01,sku,max power,0,any,1,100.00%
2024-11-01,sku,max power,0,same,1,100.00%
2024-11-01,sku,max power,1,any,1,0.00%
2024-11-01,sku,max power,1,same,1,0.00%
2024-11-01,sku,max power,2,any,1,0.00%
2024-11-01,sku,max power,2,same,1,0.00%
2024-11-01,sku,max power,3,any,1,0.00%
2024-11-01,sku,max power,3,same,1,0.00%
2024-11-01,sku,max power,4,any,1,0.00%
2024-11-01,sku,max power,4,same,1,0.00%
2024-11-01,sku,max power,5,any,1,0.00%
2024-11-01,sku,max power,5,same,1,0.00%
2024-11-01,sku,max power,6,any,1,0.00%
2024-11-01,sku,max power,6,same,1,0.00%
2024-11-01,sku,max power,7,any,1,0.00%
2024-11-01,sku,max power,7,same,1,0.00%
2024-11-01,sku,max power,8,any,1,0.00%
2024-11-01,sku,max power,8,same,1,0.00%
2024-11-01,sku,max power,9,any,1,0.00%
2024-11-01,sku,max power,9,same,1,0.00%
2024-11-01,sku,max power,10,any,1,0.00%
2024-11-01,sku,max power,10,same,1,0.00%
2024-12-01,sku,max power,0,any,1,100.00%
2024-12-01,sku,max power,0,same,1,100.00%
2024-12-01,sku,max power,1,any,1,0.00%
2024-12-01,sku,max power,1,same,1,0.00%
2024-12-01,sku,max power,2,any,1,0.00%
2024-12-01,sku,max power,2,same,1,0.00%
2024-12-01,sku,max power,3,any,1,0.00%
2024-12-01,sku,max power,3,same,1,0.00%
2024-12-01,sku,max power,4,any,1,0.00%
2024-12-01,sku,max power,4,same,1,0.00%
2024-12-01,sku,max power,5,any,1,0.00%
2024-12-01,sku,max power,5,same,1,0.00%
2024-12-01,sku,max power,6,any,1,0.00%
2024-12-01,sku,max power,6,same,1,0.00%
2024-12-01,sku,max power,7,any,1,0.00%
2024-12-01,sku,max power,7,same,1,0.00%
2024-12-01,sku,max power,8,any,1,0.00%
2024-12-01,sku,max power,8,same,1,0.00%
2024-12-01,sku,max power,9,any,1,0.00%
2024-12-01,sku,max power,9,same,1,0.00%
2025-01-01,sku,max power,0,any,3,100.00%
2025-01-01,sku,max power,0,same,3,100.00%
2025-01-01,sku,max power,1,any,3,0.00%
2025-01-01,sku,max power,1,same,3,0.00%
2025-01-01,sku,max power,2,any,3,0.00%
2025-01-01,sku,max power,2,same,3,0.00%
2025-01-01,sku,max power,3,any,3,0.00%
2025-01-01,sku,max power,3,same,3,0.00%
2025-01-01,sku,max power,4,any,3,0.00%
2025-01-01,sku,max power,4,same,3,0.00%
2025-01-01,sku,max power,5,any,3,0.00%
2025-01-01,sku,max power,5,same,3,0.00%
2025-01-01,sku,max power,6,any,3,0.00%
2025-01-01,sku,max power,6,same,3,0.00%
2025-01-01,sku,max power,7,any,3,0.00%
2025-01-01,sku,max power,7,same,3,0.00%
2025-01-01,sku,max power,8,any,3,0.00%
2025-01-01,sku,max power,8,same,3,0.00%
2025-03-01,sku,max power,0,any,1,100.00%
2025-03-01,sku,max power,0,same,1,100.00%
2025-03-01,sku,max power,1,any,1,0.00%
2025-03-01,sku,max power,1,same,1,0.00%
2025-03-01,sku,max power,2,any,1,0.00%
2025-03-01,sku,max power,2,same,1,0.00%
2025-03-01,sku,max power,3,any,1,0.00%
2025-03-01,sku,max power,3,same,1,0.00%
2025-03-01,sku,max power,4,any,1,0.00%
2025-03-01,sku,max power,4,same,1,0.00%
2025-03-01,sku,max power,5,any,1,0.00%
2025-03-01,sku,max power,5,same,1,0.00%
2025-03-01,sku,max power,6,any,1,0.00%
2025-03-01,sku,max power,6,same,1,0.00%
2025-04-01,sku,max power,0,any,2,100.00%
2025-04-01,sku,max power,0,same,2,100.00%
2025-04-01,sku,max power,1,any,2,0.00%
2025-04-01,sku,max power,1,same,2,0.00%
2025-04-01,sku,max power,2,any,2,0.00%
2025-04-01,sku,max power,2,same,2,0.00%
2025-04-01,sku,max power,3,any,2,0.00%
2025-04-01,sku,max power,3,same,2,0.00%
2025-04-01,sku,max power,4,any,2,0.00%
2025-04-01,sku,max power,4,same,2,0.00%
2025-04-01,sku,max power,5,any,2,0.00%
2025-04-01,sku,max power,5,same,2,0.00%
2025-05-01,sku,max power,0,any,1,100.00%
2025-05-01,sku,max power,0,same,1,100.00%
2025-05-01,sku,max power,1,any,1,0.00%
2025-05-01,sku,max power,1,same,1,0.00%
2025-05-01,sku,max power,2,any,1,0.00%
2025-05-01,sku,max power,2,same,1,0.00%
2025-05-01,sku,max power,3,any,1,0.00%
2025-05-01,sku,max power,3,same,1,0.00%
2025-05-01,sku,max power,4,any,1,0.00%
2025-05-01,sku,max power,4,same,1,0.00%
2025-06-01,sku,max power,0,any,1,100.00%
2025-06-01,sku,max power,0,same,1,100.00%
2025-06-01,sku,max power,1,any,1,100.00%
2025-06-01,sku,max power,1,same,1,0.00%
2025-06-01,sku,max power,2,any,1,100.00%
2025-06-01,sku,max power,2,same,1,0.00%
2025-06-01,sku,max power,3,any,1,0.00%
2025-06-01,sku,max power,3,same,1,0.00%
2025-07-01,sku,max power,0,any,1,100.00%
2025-07-01,sku,max power,0,same,1,100.00%
2025-07-01,sku,max power,1,any,1,100.00%
2025-07-01,sku,max power,1,same,1,0.00%
2025-07-01,sku,max power,2,any,1,100.00%
2025-07-01,sku,max power,2,same,1,0.00%
2025-09-01,sku,max power,0,any,1,100.00%
2025-09-01,sku,max power,0,same,1,100.00%
2025-01-01,sku,moisturizer spf,0,any,2,100.00%
2025-01-01,sku,moisturizer spf,0,same,2,100.00%
2025-01-01,sku,moisturizer spf,1,any,2,0.00%
2025-01-01,sku,moisturizer spf,1,same,2,0.00%
2025-01-01,sku,moisturizer spf,2,any,2,0.00%
2025-01-01,sku,moisturizer spf,2,same,2,0.00%
2025-01-01,sku,moisturizer spf,3,any,2,0.00%
2025-01-01,sku,moisturizer spf,3,same,2,0.00%
2025-01-01,sku,moisturizer spf,4,any,2,0.00%
2025-01-01,sku,moisturizer spf,4,same,2,0.00%
2025-01-01,sku,moisturizer spf,5,any,2,0.00%
2025-01-01,sku,moisturizer spf,5,same,2,0.00%
2025-01-01,sku,moisturizer spf,6,any,2,0.00%
2025-01-01,sku,moisturizer spf,6,same,2,0.00%
2025-01-01,sku,moisturizer spf,7,any,2,50.00%
2025-01-01,sku,moisturizer spf,7,same,2,0.00%
2025-01-01,sku,moisturizer spf,8,any,2,0.00%
2025-01-01,sku,moisturizer spf,8,same,2,0.00%
2024-11-01,sku,oral minoxidil,0,any,1,100.00%
2024-11-01,sku,oral minoxidil,0,same,1,100.00%
2024-11-01,sku,oral minoxidil,1,any,1,0.00%
2024-11-01,sku,oral minoxidil,1,same,1,0.00%
2024-11-01,sku,oral minoxidil,2,any,1,0.00%
2024-11-01,sku,oral minoxidil,2,same,1,0.00%
2024-11-01,sku,oral minoxidil,3,any,1,0.00%
2024-11-01,sku,oral minoxidil,3,same,1,0.00%
2024-11-01,sku,oral minoxidil,4,any,1,0.00%
2024-11-01,sku,oral minoxidil,4,same,1,0.00%
2024-11-01,sku,oral minoxidil,5,any,1,0.00%
2024-11-01,sku,oral minoxidil,5,same,1,0.00%
2024-11-01,sku,oral minoxidil,6,any,1,0.00%
2024-11-01,sku,oral minoxidil,6,same,1,0.00%
2024-11-01,sku,oral minoxidil,7,any,1,0.00%
2024-11-01,sku,oral minoxidil,7,same,1,0.00%
2024-11-01,sku,oral minoxidil,8,any,1,0.00%
2024-11-01,sku,oral minoxidil,8,same,1,0.00%
2024-11-01,sku,oral minoxidil,9,any,1,0.00%
2024-11-01,sku,oral minoxidil,9,same,1,0.00%
2024-11-01,sku,oral minoxidil,10,any,1,0.00%
2024-11-01,sku,oral minoxidil,10,same,1,0.00%
2024-12-01,sku,oral minoxidil,0,any,1,100.00%
2024-12-01,sku,oral minoxidil,0,same,1,100.00%
2024-12-01,sku,oral minoxidil,1,any,1,100.00%
2024-12-01,sku,oral minoxidil,1,same,1,100.00%
2024-12-01,sku,oral minoxidil,2,any,1,100.00%
2024-12-01,sku,oral minoxidil,2,same,1,100.00%
2024-12-01,sku,oral minoxidil,3,any,1,100.00%
2024-12-01,sku,oral minoxidil,3,same,1,100.00%
2024-12-01,sku,oral minoxidil,4,any,1,100.00%
2024-12-01,sku,oral minoxidil,4,same,1,100.00%
2024-12-01,sku,oral minoxidil,5,any,1,100.00%
2024-12-01,sku,oral minoxidil,5,same,1,100.00%
2024-12-01,sku,oral minoxidil,6,any,1,0.00%
2024-12-01,sku,oral minoxidil,6,same,1,0.00%
2024-12-01,sku,oral minoxidil,7,any,1,0.00%
2024-12-01,sku,oral minoxidil,7,same,1,0.00%
2024-12-01,sku,oral minoxidil,8,any,1,0.00%
2024-12-01,sku,oral minoxidil,8,same,1,0.00%
2024-12-01,sku,oral minoxidil,9,any,1,0.00%
2024-12-01,sku,oral minoxidil,9,same,1,0.00%
2025-01-01,sku,oral minoxidil,0,any,1,100.00%
2025-01-01,sku,oral minoxidil,0,same,1,100.00%
2025-01-01,sku,oral minoxidil,1,any,1,100.00%
2025-01-01,sku,oral minoxidil,1,same,1,100.00%
2025-01-01,sku,oral minoxidil,2,any,1,100.00%
2025-01-01,sku,oral minoxidil,2,same,1,100.00%
2025-01-01,sku,oral minoxidil,3,any,1,0.00%
2025-01-01,sku,oral minoxidil,3,same,1,0.00%
2025-01-01,sku,oral minoxidil,4,any,1,100.00%
2025-01-01,sku,oral minoxidil,4,same,1,100.00%
2025-01-01,sku,oral minoxidil,5,any,1,100.00%
2025-01-01,sku,oral minoxidil,5,same,1,100.00%
2025-01-01,sku,oral minoxidil,6,any,1,100.00%
2025-01-01,sku,oral minoxidil,6,same,1,100.00%
2025-01-01,sku,oral minoxidil,7,any,1,0.00%
2025-01-01,sku,oral minoxidil,7,same,1,0.00%
2025-01-01,sku,oral minoxidil,8,any,1,0.00%
2025-01-01,sku,oral minoxidil,8,same,1,0.00%
2025-02-01,sku,oral minoxidil,0,any,1,100.00%
2025-02-01,sku,oral minoxidil,0,same,1,100.00%
2025-02-01,sku,oral minoxidil,1,any,1,100.00%
2025-02-01,sku,oral minoxidil,1,same,1,100.00%
2025-02-01,sku,oral minoxidil,2,any,1,100.00%
2025-02-01,sku,oral minoxidil,2,same,1,100.00%
2025-02-01,sku,oral minoxidil,3,any,1,0.00%
2025-02-01,sku,oral minoxidil,3,same,1,0.00%
2025-02-01,sku,oral minoxidil,4,any,1,0.00%
2025-02-01,sku,oral minoxidil,4,same,1,0.00%
2025-02-01,sku,oral minoxidil,5,any,1,0.00%
2025-02-01,sku,oral minoxidil,5,same,1,0.00%
2025-02-01,sku,oral minoxidil,6,any,1,0.00%
2025-02-01,sku,oral minoxidil,6,same,1,0.00%
2025-02-01,sku,oral minoxidil,7,any,1,0.00%
2025-02-01,sku,oral minoxidil,7,same,1,0.00%
2025-03-01,sku,oral minoxidil,0,any,8,100.00%
2025-03-01,sku,oral minoxidil,0,same,8,100.00%
2025-03-01,sku,oral minoxidil,1,any,8,75.00%
2025-03-01,sku,oral minoxidil,1,same,8,62.50%
2025-03-01,sku,oral minoxidil,2,any,8,50.00%
2025-03-01,sku,oral minoxidil,2,same,8,50.00%
2025-03-01,sku,oral minoxidil,3,any,8,62.50%
2025-03-01,sku,oral minoxidil,3,same,8,50.00%
2025-03-01,sku,oral minoxidil,4,any,8,50.00%
2025-03-01,sku,oral minoxidil,4,same,8,37.50%
2025-03-01,sku,oral minoxidil,5,any,8,50.00%
2025-03-01,sku,oral minoxidil,5,same,8,37.50%
2025-03-01,sku,oral minoxidil,6,any,8,50.00%
2025-03-01,sku,oral minoxidil,6,same,8,37.50%
2025-04-01,sku,oral minoxidil,0,any,17,100.00%
2025-04-01,sku,oral minoxidil,0,same,17,100.00%
2025-04-01,sku,oral minoxidil,1,any,17,35.29%
2025-04-01,sku,oral minoxidil,1,same,17,17.65%
2025-04-01,sku,oral minoxidil,2,any,17,41.18%
2025-04-01,sku,oral minoxidil,2,same,17,17.65%
2025-04-01,sku,oral minoxidil,3,any,17,47.06%
2025-04-01,sku,oral minoxidil,3,same,17,29.41%
2025-04-01,sku,oral minoxidil,4,any,17,47.06%
2025-04-01,sku,oral minoxidil,4,same,17,23.53%
2025-04-01,sku,oral minoxidil,5,any,17,47.06%
2025-04-01,sku,oral minoxidil,5,same,17,23.53%
2025-05-01,sku,oral minoxidil,0,any,12,100.00%
2025-05-01,sku,oral minoxidil,0,same,12,100.00%
2025-05-01,sku,oral minoxidil,1,any,12,25.00%
2025-05-01,sku,oral minoxidil,1,same,12,8.33%
2025-05-01,sku,oral minoxidil,2,any,12,41.67%
2025-05-01,sku,oral minoxidil,2,same,12,25.00%
2025-05-01,sku,oral minoxidil,3,any,12,41.67%
2025-05-01,sku,oral minoxidil,3,same,12,25.00%
2025-05-01,sku,oral minoxidil,4,any,12,58.33%
2025-05-01,sku,oral minoxidil,4,same,12,33.33%
2025-06-01,sku,oral minoxidil,0,any,11,100.00%
2025-06-01,sku,oral minoxidil,0,same,11,100.00%
2025-06-01,sku,oral minoxidil,1,any,11,72.73%
2025-06-01,sku,oral minoxidil,1,same,11,72.73%
2025-06-01,sku,oral minoxidil,2,any,11,81.82%
2025-06-01,sku,oral minoxidil,2,same,11,81.82%
2025-06-01,sku,oral minoxidil,3,any,11,45.45%
2025-06-01,sku,oral minoxidil,3,same,11,45.45%
2025-07-01,sku,oral minoxidil,0,any,13,100.00%
2025-07-01,sku,oral minoxidil,0,same,13,100.00%
2025-07-01,sku,oral minoxidil,1,any,13,38.46%
2025-07-01,sku,oral minoxidil,1,same,13,38.46%
2025-07-01,sku,oral minoxidil,2,any,13,38.46%
2025-07-01,sku,oral minoxidil,2,same,13,38.46%
2025-08-01,sku,oral minoxidil,0,any,5,100.00%
2025-08-01,sku,oral minoxidil,0,same,5,100.00%
2025-08-01,sku,oral minoxidil,1,any,5,60.00%
2025-08-01,sku,oral minoxidil,1,same,5,60.00%
2025-09-01,sku,oral minoxidil,0,any,9,100.00%
2025-09-01,sku,oral minoxidil,0,same,9,100.00%
2024-11-01,sku,oral mix,0,any,1,100.00%
2024-11-01,sku,oral mix,0,same,1,100.00%
2024-11-01,sku,oral mix,1,any,1,100.00%
2024-11-01,sku,oral mix,1,same,1,100.00%
2024-11-01,sku,oral mix,2,any,1,100.00%
2024-11-01,sku,oral mix,2,same,1,100.00%
2024-11-01,sku,oral mix,3,any,1,100.00%
2024-11-01,sku,oral mix,3,same,1,100.00%
2024-11-01,sku,oral mix,4,any,1,100.00%
2024-11-01,sku,oral mix,4,same,1,100.00%
2024-11-01,sku,oral mix,5,any,1,100.00%
2024-11-01,sku,oral mix,5,same,1,100.00%
2024-11-01,sku,oral mix,6,any,1,100.00%
2024-11-01,sku,oral mix,6,same,1,100.00%
2024-11-01,sku,oral mix,7,any,1,0.00%
2024-11-01,sku,oral mix,7,same,1,0.00%
2024-11-01,sku,oral mix,8,any,1,100.00%
2024-11-01,sku,oral mix,8,same,1,100.00%
2024-11-01,sku,oral mix,9,any,1,100.00%
2024-11-01,sku,oral mix,9,same,1,100.00%
2024-11-01,sku,oral mix,10,any,1,100.00%
2024-11-01,sku,oral mix,10,same,1,100.00%
2024-12-01,sku,oral mix,0,any,4,100.00%
2024-12-01,sku,oral mix,0,same,4,100.00%
2024-12-01,sku,oral mix,1,any,4,75.00%
2024-12-01,sku,oral mix,1,same,4,75.00%
2024-12-01,sku,oral mix,2,any,4,100.00%
2024-12-01,sku,oral mix,2,same,4,75.00%
2024-12-01,sku,oral mix,3,any,4,100.00%
2024-12-01,sku,oral mix,3,same,4,75.00%
2024-12-01,sku,oral mix,4,any,4,100.00%
2024-12-01,sku,oral mix,4,same,4,75.00%
2024-12-01,sku,oral mix,5,any,4,75.00%
2024-12-01,sku,oral mix,5,same,4,75.00%
2024-12-01,sku,oral mix,6,any,4,75.00%
2024-12-01,sku,oral mix,6,same,4,75.00%
2024-12-01,sku,oral mix,7,any,4,100.00%
2024-12-01,sku,oral mix,7,same,4,75.00%
2024-12-01,sku,oral mix,8,any,4,50.00%
2024-12-01,sku,oral mix,8,same,4,50.00%
2024-12-01,sku,oral mix,9,any,4,75.00%
2024-12-01,sku,oral mix,9,same,4,75.00%
2025-01-01,sku,oral mix,0,any,3,100.00%
2025-01-01,sku,oral mix,0,same,3,100.00%
2025-01-01,sku,oral mix,1,any,3,66.67%
2025-01-01,sku,oral mix,1,same,3,66.67%
2025-01-01,sku,oral mix,2,any,3,66.67%
2025-01-01,sku,oral mix,2,same,3,66.67%
2025-01-01,sku,oral mix,3,any,3,0.00%
2025-01-01,sku,oral mix,3,same,3,0.00%
2025-01-01,sku,oral mix,4,any,3,0.00%
2025-01-01,sku,oral mix,4,same,3,0.00%
2025-01-01,sku,oral mix,5,any,3,0.00%
2025-01-01,sku,oral mix,5,same,3,0.00%
2025-01-01,sku,oral mix,6,any,3,0.00%
2025-01-01,sku,oral mix,6,same,3,0.00%
2025-01-01,sku,oral mix,7,any,3,0.00%
2025-01-01,sku,oral mix,7,same,3,0.00%
2025-01-01,sku,oral mix,8,any,3,0.00%
2025-01-01,sku,oral mix,8,same,3,0.00%
2025-02-01,sku,oral mix,0,any,4,100.00%
2025-02-01,sku,oral mix,0,same,4,100.00%
2025-02-01,sku,oral mix,1,any,4,75.00%
2025-02-01,sku,oral mix,1,same,4,75.00%
2025-02-01,sku,oral mix,2,any,4,50.00%
2025-02-01,sku,oral mix,2,same,4,50.00%
2025-02-01,sku,oral mix,3,any,4,50.00%
2025-02-01,sku,oral mix,3,same,4,50.00%
2025-02-01,sku,oral mix,4,any,4,75.00%
2025-02-01,sku,oral mix,4,same,4,50.00%
2025-02-01,sku,oral mix,5,any,4,75.00%
2025-02-01,sku,oral mix,5,same,4,75.00%
2025-02-01,sku,oral mix,6,any,4,75.00%
2025-02-01,sku,oral mix,6,same,4,75.00%
2025-02-01,sku,oral mix,7,any,4,75.00%
2025-02-01,sku,oral mix,7,same,4,75.00%
2025-03-01,sku,oral mix,0,any,21,100.00%
2025-03-01,sku,oral mix,0,same,21,100.00%
2025-03-01,sku,oral mix,1,any,21,71.43%
2025-03-01,sku,oral mix,1,same,21,71.43%
2025-03-01,sku,oral mix,2,any,21,66.67%
2025-03-01,sku,oral mix,2,same,21,66.67%
2025-03-01,sku,oral mix,3,any,21,61.90%
2025-03-01,sku,oral mix,3,same,21,57.14%
2025-03-01,sku,oral mix,4,any,21,61.90%
2025-03-01,sku,oral mix,4,same,21,57.14%
2025-03-01,sku,oral mix,5,any,21,66.67%
2025-03-01,sku,oral mix,5,same,21,66.67%
2025-03-01,sku,oral mix,6,any,21,47.62%
2025-03-01,sku,oral mix,6,same,21,42.86%
2025-04-01,sku,oral mix,0,any,22,100.00%
2025-04-01,sku,oral mix,0,same,22,100.00%
2025-04-01,sku,oral mix,1,any,22,59.09%
2025-04-01,sku,oral mix,1,same,22,54.55%
2025-04-01,sku,oral mix,2,any,22,54.55%
2025-04-01,sku,oral mix,2,same,22,50.00%
2025-04-01,sku,oral mix,3,any,22,54.55%
2025-04-01,sku,oral mix,3,same,22,40.91%
2025-04-01,sku,oral mix,4,any,22,54.55%
2025-04-01,sku,oral mix,4,same,22,45.45%
2025-04-01,sku,oral mix,5,any,22,54.55%
2025-04-01,sku,oral mix,5,same,22,40.91%
2025-05-01,sku,oral mix,0,any,22,100.00%
2025-05-01,sku,oral mix,0,same,22,100.00%
2025-05-01,sku,oral mix,1,any,22,63.64%
2025-05-01,sku,oral mix,1,same,22,59.09%
2025-05-01,sku,oral mix,2,any,22,63.64%
2025-05-01,sku,oral mix,2,same,22,63.64%
2025-05-01,sku,oral mix,3,any,22,68.18%
2025-05-01,sku,oral mix,3,same,22,68.18%
2025-05-01,sku,oral mix,4,any,22,54.55%
2025-05-01,sku,oral mix,4,same,22,54.55%
2025-06-01,sku,oral mix,0,any,25,100.00%
2025-06-01,sku,oral mix,0,same,25,100.00%
2025-06-01,sku,oral mix,1,any,25,40.00%
2025-06-01,sku,oral mix,1,same,25,40.00%
2025-06-01,sku,oral mix,2,any,25,52.00%
2025-06-01,sku,oral mix,2,same,25,52.00%
2025-06-01,sku,oral mix,3,any,25,48.00%
2025-06-01,sku,oral mix,3,same,25,44.00%
2025-07-01,sku,oral mix,0,any,27,100.00%
2025-07-01,sku,oral mix,0,same,27,100.00%
2025-07-01,sku,oral mix,1,any,27,29.63%
2025-07-01,sku,oral mix,1,same,27,25.93%
2025-07-01,sku,oral mix,2,any,27,33.33%
2025-07-01,sku,oral mix,2,same,27,29.63%
2025-08-01,sku,oral mix,0,any,23,100.00%
2025-08-01,sku,oral mix,0,same,23,100.00%
2025-08-01,sku,oral mix,1,any,23,26.09%
2025-08-01,sku,oral mix,1,same,23,26.09%
2025-09-01,sku,oral mix,0,any,21,100.00%
2025-09-01,sku,oral mix,0,same,21,100.00%
2024-10-01,sku,power regrowth,0,any,2,100.00%
2024-10-01,sku,power regrowth,0,same,2,100.00%
2024-10-01,sku,power regrowth,1,any,2,50.00%
2024-10-01,sku,power regrowth,1,same,2,50.00%
2024-10-01,sku,power regrowth,2,any,2,50.00%
2024-10-01,sku,power regrowth,2,same,2,50.00%
2024-10-01,sku,power regrowth,3,any,2,50.00%
2024-10-01,sku,power regrowth,3,same,2,50.00%
2024-10-01,sku,power regrowth,4,any,2,50.00%
2024-10-01,sku,power regrowth,4,same,2,50.00%
2024-10-01,sku,power regrowth,5,any,2,0.00%
2024-10-01,sku,power regrowth,5,same,2,0.00%
2024-10-01,sku,power regrowth,6,any,2,0.00%
2024-10-01,sku,power regrowth,6,same,2,0.00%
2024-10-01,sku,power regrowth,7,any,2,50.00%
2024-10-01,sku,power regrowth,7,same,2,0.00%
2024-10-01,sku,power regrowth,8,any,2,50.00%
2024-10-01,sku,power regrowth,8,same,2,0.00%
2024-10-01,sku,power regrowth,9,any,2,50.00%
2024-10-01,sku,power regrowth,9,same,2,0.00%
2024-10-01,sku,power regrowth,10,any,2,0.00%
2024-10-01,sku,power regrowth,10,same,2,0.00%
2024-10-01,sku,power regrowth,11,any,2,0.00%
2024-10-01,sku,power regrowth,11,same,2,0.00%
2024-12-01,sku,power regrowth,0,any,5,100.00%
2024-12-01,sku,power regrowth,0,same,5,100.00%
2024-12-01,sku,power regrowth,1,any,5,60.00%
2024-12-01,sku,power regrowth,1,same,5,60.00%
2024-12-01,sku,power regrowth,2,any,5,60.00%
2024-12-01,sku,power regrowth,2,same,5,60.00%
2024-12-01,sku,power regrowth,3,any,5,60.00%
2024-12-01,sku,power regrowth,3,same,5,40.00%
2024-12-01,sku,power regrowth,4,any,5,60.00%
2024-12-01,sku,power regrowth,4,same,5,20.00%
2024-12-01,sku,power regrowth,5,any,5,80.00%
2024-12-01,sku,power regrowth,5,same,5,20.00%
2024-12-01,sku,power regrowth,6,any,5,20.00%
2024-12-01,sku,power regrowth,6,same,5,0.00%
2024-12-01,sku,power regrowth,7,any,5,20.00%
2024-12-01,sku,power regrowth,7,same,5,0.00%
2024-12-01,sku,power regrowth,8,any,5,40.00%
2024-12-01,sku,power regrowth,8,same,5,0.00%
2024-12-01,sku,power regrowth,9,any,5,0.00%
2024-12-01,sku,power regrowth,9,same,5,0.00%
2025-02-01,sku,power regrowth,0,any,1,100.00%
2025-02-01,sku,power regrowth,0,same,1,100.00%
2025-02-01,sku,power regrowth,1,any,1,0.00%
2025-02-01,sku,power regrowth,1,same,1,0.00%
2025-02-01,sku,power regrowth,2,any,1,100.00%
2025-02-01,sku,power regrowth,2,same,1,100.00%
2025-02-01,sku,power regrowth,3,any,1,0.00%
2025-02-01,sku,power regrowth,3,same,1,0.00%
2025-02-01,sku,power regrowth,4,any,1,100.00%
2025-02-01,sku,power regrowth,4,same,1,100.00%
2025-02-01,sku,power regrowth,5,any,1,0.00%
2025-02-01,sku,power regrowth,5,same,1,0.00%
2025-02-01,sku,power regrowth,6,any,1,100.00%
2025-02-01,sku,power regrowth,6,same,1,100.00%
2025-02-01,sku,power regrowth,7,any,1,0.00%
2025-02-01,sku,power regrowth,7,same,1,0.00%
2025-03-01,sku,power regrowth,0,any,3,100.00%
2025-03-01,sku,power regrowth,0,same,3,100.00%
2025-03-01,sku,power regrowth,1,any,3,33.33%
2025-03-01,sku,power regrowth,1,same,3,33.33%
2025-03-01,sku,power regrowth,2,any,3,0.00%
2025-03-01,sku,power regrowth,2,same,3,0.00%
2025-03-01,sku,power regrowth,3,any,3,0.00%
2025-03-01,sku,power regrowth,3,same,3,0.00%
2025-03-01,sku,power regrowth,4,any,3,0.00%
2025-03-01,sku,power regrowth,4,same,3,0.00%
2025-03-01,sku,power regrowth,5,any,3,0.00%
2025-03-01,sku,power regrowth,5,same,3,0.00%
2025-03-01,sku,power regrowth,6,any,3,0.00%
2025-03-01,sku,power regrowth,6,same,3,0.00%
2025-04-01,sku,power regrowth,0,any,5,100.00%
2025-04-01,sku,power regrowth,0,same,5,100.00%
2025-04-01,sku,power regrowth,1,any,5,20.00%
2025-04-01,sku,power regrowth,1,same,5,20.00%
2025-04-01,sku,power regrowth,2,any,5,20.00%
2025-04-01,sku,power regrowth,2,same,5,20.00%
2025-04-01,sku,power regrowth,3,any,5,40.00%
2025-04-01,sku,power regrowth,3,same,5,40.00%
2025-04-01,sku,power regrowth,4,any,5,40.00%
2025-04-01,sku,power regrowth,4,same,5,40.00%
2025-04-01,sku,power regrowth,5,any,5,20.00%
2025-04-01,sku,power regrowth,5,same,5,20.00%
2025-05-01,sku,power regrowth,0,any,7,100.00%
2025-05-01,sku,power regrowth,0,same,7,100.00%
2025-05-01,sku,power regrowth,1,any,7,71.43%
2025-05-01,sku,power regrowth,1,same,7,71.43%
2025-05-01,sku,power regrowth,2,any,7,42.86%
2025-05-01,sku,power regrowth,2,same,7,42.86%
2025-05-01,sku,power regrowth,3,any,7,14.29%
2025-05-01,sku,power regrowth,3,same,7,14.29%
2025-05-01,sku,power regrowth,4,any,7,14.29%
2025-05-01,sku,power regrowth,4,same,7,14.29%
2025-06-01,sku,power regrowth,0,any,5,100.00%
2025-06-01,sku,power regrowth,0,same,5,100.00%
2025-06-01,sku,power regrowth,1,any,5,40.00%
2025-06-01,sku,power regrowth,1,same,5,40.00%
2025-06-01,sku,power regrowth,2,any,5,80.00%
2025-06-01,sku,power regrowth,2,same,5,80.00%
2025-06-01,sku,power regrowth,3,any,5,40.00%
2025-06-01,sku,power regrowth,3,same,5,40.00%
2025-07-01,sku,power regrowth,0,any,4,100.00%
2025-07-01,sku,power regrowth,0,same,4,100.00%
2025-07-01,sku,power regrowth,1,any,4,25.00%
2025-07-01,sku,power regrowth,1,same,4,25.00%
2025-07-01,sku,power regrowth,2,any,4,50.00%
2025-07-01,sku,power regrowth,2,same,4,50.00%
2025-08-01,sku,power regrowth,0,any,3,100.00%
2025-08-01,sku,power regrowth,0,same,3,100.00%
2025-08-01,sku,power regrowth,1,any,3,66.67%
2025-08-01,sku,power regrowth,1,same,3,66.67%
2025-09-01,sku,power regrowth,0,any,1,100.00%
2025-09-01,sku,power regrowth,0,same,1,100.00%
2025-03-01,sku,regrowth pack,0,any,9,100.00%
2025-03-01,sku,regrowth pack,0,same,9,100.00%
2025-03-01,sku,regrowth pack,1,any,9,0.00%
2025-03-01,sku,regrowth pack,1,same,9,0.00%
2025-03-01,sku,regrowth pack,2,any,9,22.22%
2025-03-01,sku,regrowth pack,2,same,9,0.00%
2025-03-01,sku,regrowth pack,3,any,9,11.11%
2025-03-01,sku,regrowth pack,3,same,9,0.00%
2025-03-01,sku,regrowth pack,4,any,9,22.22%
2025-03-01,sku,regrowth pack,4,same,9,0.00%
2025-03-01,sku,regrowth pack,5,any,9,0.00%
2025-03-01,sku,regrowth pack,5,same,9,0.00%
2025-03-01,sku,regrowth pack,6,any,9,22.22%
2025-03-01,sku,regrowth pack,6,same,9,0.00%
2025-04-01,sku,regrowth pack,0,any,1,100.00%
2025-04-01,sku,regrowth pack,0,same,1,100.00%
2025-04-01,sku,regrowth pack,1,any,1,0.00%
2025-04-01,sku,regrowth pack,1,same,1,0.00%
2025-04-01,sku,regrowth pack,2,any,1,0.00%
2025-04-01,sku,regrowth pack,2,same,1,0.00%
2025-04-01,sku,regrowth pack,3,any,1,0.00%
2025-04-01,sku,regrowth pack,3,same,1,0.00%
2025-04-01,sku,regrowth pack,4,any,1,0.00%
2025-04-01,sku,regrowth pack,4,same,1,0.00%
2025-04-01,sku,regrowth pack,5,any,1,0.00%
2025-04-01,sku,regrowth pack,5,same,1,0.00%
2025-05-01,sku,regrowth pack,0,any,1,100.00%
2025-05-01,sku,regrowth pack,0,same,1,100.00%
2025-05-01,sku,regrowth pack,1,any,1,100.00%
2025-05-01,sku,regrowth pack,1,same,1,0.00%
2025-05-01,sku,regrowth pack,2,any,1,100.00%
2025-05-01,sku,regrowth pack,2,same,1,100.00%
2025-05-01,sku,regrowth pack,3,any,1,0.00%
2025-05-01,sku,regrowth pack,3,same,1,0.00%
2025-05-01,sku,regrowth pack,4,any,1,0.00%
2025-05-01,sku,regrowth pack,4,same,1,0.00%
2025-06-01,sku,regrowth pack,0,any,1,100.00%
2025-06-01,sku,regrowth pack,0,same,1,100.00%
2025-06-01,sku,regrowth pack,1,any,1,0.00%
2025-06-01,sku,regrowth pack,1,same,1,0.00%
2025-06-01,sku,regrowth pack,2,any,1,0.00%
2025-06-01,sku,regrowth pack,2,same,1,0.00%
2025-06-01,sku,regrowth pack,3,any,1,0.00%
2025-06-01,sku,regrowth pack,3,same,1,0.00%
2025-07-01,sku,regrowth pack,0,any,1,100.00%
2025-07-01,sku,regrowth pack,0,same,1,100.00%
2025-07-01,sku,regrowth pack,1,any,1,0.00%
2025-07-01,sku,regrowth pack,1,same,1,0.00%
2025-07-01,sku,regrowth pack,2,any,1,0.00%
2025-07-01,sku,regrowth pack,2,same,1,0.00%
2025-08-01,sku,regrowth pack,0,any,2,100.00%
2025-08-01,sku,regrowth pack,0,same,2,100.00%
2025-08-01,sku,regrowth pack,1,any,2,0.00%
2025-08-01,sku,regrowth pack,1,same,2,0.00%
2025-09-01,sku,regrowth pack,0,any,2,100.00%
2025-09-01,sku,regrowth pack,0,same,2,100.00%
2025-03-01,sku,shampoo,0,any,1,100.00%
2025-03-01,sku,shampoo,0,same,1,100.00%
2025-03-01,sku,shampoo,1,any,1,0.00%
2025-03-01,sku,shampoo,1,same,1,0.00%
2025-03-01,sku,shampoo,2,any,1,0.00%
2025-03-01,sku,shampoo,2,same,1,0.00%
2025-03-01,sku,shampoo,3,any,1,0.00%
2025-03-01,sku,shampoo,3,same,1,0.00%
2025-03-01,sku,shampoo,4,any,1,0.00%
2025-03-01,sku,shampoo,4,same,1,0.00%
2025-03-01,sku,shampoo,5,any,1,0.00%
2025-03-01,sku,shampoo,5,same,1,0.00%
2025-03-01,sku,shampoo,6,any,1,0.00%
2025-03-01,sku,shampoo,6,same,1,0.00%
2025-04-01,sku,shampoo,0,any,1,100.00%
2025-04-01,sku,shampoo,0,same,1,100.00%
2025-04-01,sku,shampoo,1,any,1,0.00%
2025-04-01,sku,shampoo,1,same,1,0.00%
2025-04-01,sku,shampoo,2,any,1,0.00%
2025-04-01,sku,shampoo,2,same,1,0.00%
2025-04-01,sku,shampoo,3,any,1,0.00%
2025-04-01,sku,shampoo,3,same,1,0.00%
2025-04-01,sku,shampoo,4,any,1,0.00%
2025-04-01,sku,shampoo,4,same,1,0.00%
2025-04-01,sku,shampoo,5,any,1,0.00%
2025-04-01,sku,shampoo,5,same,1,0.00%
2025-05-01,sku,shampoo,0,any,3,100.00%
2025-05-01,sku,shampoo,0,same,3,100.00%
2025-05-01,sku,shampoo,1,any,3,33.33%
2025-05-01,sku,shampoo,1,same,3,0.00%
2025-05-01,sku,shampoo,2,any,3,33.33%
2025-05-01,sku,shampoo,2,same,3,0.00%
2025-05-01,sku,shampoo,3,any,3,33.33%
2025-05-01,sku,shampoo,3,same,3,0.00%
2025-05-01,sku,shampoo,4,any,3,0.00%
2025-05-01,sku,shampoo,4,same,3,0.00%
2025-08-01,sku,shampoo,0,any,4,100.00%
2025-08-01,sku,shampoo,0,same,4,100.00%
2025-08-01,sku,shampoo,1,any,4,25.00%
2025-08-01,sku,shampoo,1,same,4,0.00%
2025-09-01,sku,shampoo,0,any,1,100.00%
2025-09-01,sku,shampoo,0,same,1,100.00%
2024-10-01,sku,ultimate revival,0,any,1,100.00%
2024-10-01,sku,ultimate revival,0,same,1,100.00%
2024-10-01,sku,ultimate revival,1,any,1,100.00%
2024-10-01,sku,ultimate revival,1,same,1,100.00%
2024-10-01,sku,ultimate revival,2,any,1,100.00%
2024-10-01,sku,ultimate revival,2,same,1,100.00%
2024-10-01,sku,ultimate revival,3,any,1,100.00%
2024-10-01,sku,ultimate revival,3,same,1,100.00%
2024-10-01,sku,ultimate revival,4,any,1,0.00%
2024-10-01,sku,ultimate revival,4,same,1,0.00%
2024-10-01,sku,ultimate revival,5,any,1,0.00%
2024-10-01,sku,ultimate revival,5,same,1,0.00%
2024-10-01,sku,ultimate revival,6,any,1,0.00%
2024-10-01,sku,ultimate revival,6,same,1,0.00%
2024-10-01,sku,ultimate revival,7,any,1,0.00%
2024-10-01,sku,ultimate revival,7,same,1,0.00%
2024-10-01,sku,ultimate revival,8,any,1,0.00%
2024-10-01,sku,ultimate revival,8,same,1,0.00%
2024-10-01,sku,ultimate revival,9,any,1,0.00%
2024-10-01,sku,ultimate revival,9,same,1,0.00%
2024-10-01,sku,ultimate revival,10,any,1,0.00%
2024-10-01,sku,ultimate revival,10,same,1,0.00%
2024-10-01,sku,ultimate revival,11,any,1,0.00%
2024-10-01,sku,ultimate revival,11,same,1,0.00%
2024-11-01,sku,ultimate revival,0,any,1,100.00%
2024-11-01,sku,ultimate revival,0,same,1,100.00%
2024-11-01,sku,ultimate revival,1,any,1,100.00%
2024-11-01,sku,ultimate revival,1,same,1,100.00%
2024-11-01,sku,ultimate revival,2,any,1,0.00%
2024-11-01,sku,ultimate revival,2,same,1,0.00%
2024-11-01,sku,ultimate revival,3,any,1,0.00%
2024-11-01,sku,ultimate revival,3,same,1,0.00%
2024-11-01,sku,ultimate revival,4,any,1,0.00%
2024-11-01,sku,ultimate revival,4,same,1,0.00%
2024-11-01,sku,ultimate revival,5,any,1,0.00%
2024-11-01,sku,ultimate revival,5,same,1,0.00%
2024-11-01,sku,ultimate revival,6,any,1,0.00%
2024-11-01,sku,ultimate revival,6,same,1,0.00%
2024-11-01,sku,ultimate revival,7,any,1,0.00%
2024-11-01,sku,ultimate revival,7,same,1,0.00%
2024-11-01,sku,ultimate revival,8,any,1,0.00%
2024-11-01,sku,ultimate revival,8,same,1,0.00%
2024-11-01,sku,ultimate revival,9,any,1,0.00%
2024-11-01,sku,ultimate revival,9,same,1,0.00%
2024-11-01,sku,ultimate revival,10,any,1,0.00%
2024-11-01,sku,ultimate revival,10,same,1,0.00%
2024-12-01,sku,ultimate revival,0,any,3,100.00%
2024-12-01,sku,ultimate revival,0,same,3,100.00%
2024-12-01,sku,ultimate revival,1,any,3,100.00%
2024-12-01,sku,ultimate revival,1,same,3,100.00%
2024-12-01,sku,ultimate revival,2,any,3,100.00%
2024-12-01,sku,ultimate revival,2,same,3,100.00%
2024-12-01,sku,ultimate revival,3,any,3,100.00%
2024-12-01,sku,ultimate revival,3,same,3,66.67%
2024-12-01,sku,ultimate revival,4,any,3,100.00%
2024-12-01,sku,ultimate revival,4,same,3,66.67%
2024-12-01,sku,ultimate revival,5,any,3,66.67%
2024-12-01,sku,ultimate revival,5,same,3,33.33%
2024-12-01,sku,ultimate revival,6,any,3,100.00%
2024-12-01,sku,ultimate revival,6,same,3,66.67%
2024-12-01,sku,ultimate revival,7,any,3,33.33%
2024-12-01,sku,ultimate revival,7,same,3,33.33%
2024-12-01,sku,ultimate revival,8,any,3,100.00%
2024-12-01,sku,ultimate revival,8,same,3,66.67%
2024-12-01,sku,ultimate revival,9,any,3,66.67%
2024-12-01,sku,ultimate revival,9,same,3,66.67%
2025-02-01,sku,ultimate revival,0,any,2,100.00%
2025-02-01,sku,ultimate revival,0,same,2,100.00%
2025-02-01,sku,ultimate revival,1,any,2,100.00%
2025-02-01,sku,ultimate revival,1,same,2,100.00%
2025-02-01,sku,ultimate revival,2,any,2,100.00%
2025-02-01,sku,ultimate revival,2,same,2,100.00%
2025-02-01,sku,ultimate revival,3,any,2,50.00%
2025-02-01,sku,ultimate revival,3,same,2,50.00%
2025-02-01,sku,ultimate revival,4,any,2,50.00%
2025-02-01,sku,ultimate revival,4,same,2,50.00%
2025-02-01,sku,ultimate revival,5,any,2,0.00%
2025-02-01,sku,ultimate revival,5,same,2,0.00%
2025-02-01,sku,ultimate revival,6,any,2,0.00%
2025-02-01,sku,ultimate revival,6,same,2,0.00%
2025-02-01,sku,ultimate revival,7,any,2,50.00%
2025-02-01,sku,ultimate revival,7,same,2,50.00%
2025-03-01,sku,ultimate revival,0,any,1,100.00%
2025-03-01,sku,ultimate revival,0,same,1,100.00%
2025-03-01,sku,ultimate revival,1,any,1,100.00%
2025-03-01,sku,ultimate revival,1,same,1,0.00%
2025-03-01,sku,ultimate revival,2,any,1,0.00%
2025-03-01,sku,ultimate revival,2,same,1,0.00%
2025-03-01,sku,ultimate revival,3,any,1,0.00%
2025-03-01,sku,ultimate revival,3,same,1,0.00%
2025-03-01,sku,ultimate revival,4,any,1,0.00%
2025-03-01,sku,ultimate revival,4,same,1,0.00%
2025-03-01,sku,ultimate revival,5,any,1,0.00%
2025-03-01,sku,ultimate revival,5,same,1,0.00%
2025-03-01,sku,ultimate revival,6,any,1,0.00%
2025-03-01,sku,ultimate revival,6,same,1,0.00%
2025-04-01,sku,ultimate revival,0,any,8,100.00%
2025-04-01,sku,ultimate revival,0,same,8,100.00%
2025-04-01,sku,ultimate revival,1,any,8,50.00%
2025-04-01,sku,ultimate revival,1,same,8,37.50%
2025-04-01,sku,ultimate revival,2,any,8,62.50%
2025-04-01,sku,ultimate revival,2,same,8,50.00%
2025-04-01,sku,ultimate revival,3,any,8,50.00%
2025-04-01,sku,ultimate revival,3,same,8,37.50%
2025-04-01,sku,ultimate revival,4,any,8,37.50%
2025-04-01,sku,ultimate revival,4,same,8,12.50%
2025-04-01,sku,ultimate revival,5,any,8,37.50%
2025-04-01,sku,ultimate revival,5,same,8,25.00%
2025-05-01,sku,ultimate revival,0,any,12,100.00%
2025-05-01,sku,ultimate revival,0,same,12,100.00%
2025-05-01,sku,ultimate revival,1,any,12,66.67%
2025-05-01,sku,ultimate revival,1,same,12,50.00%
2025-05-01,sku,ultimate revival,2,any,12,41.67%
2025-05-01,sku,ultimate revival,2,same,12,33.33%
2025-05-01,sku,ultimate revival,3,any,12,8.33%
2025-05-01,sku,ultimate revival,3,same,12,0.00%
2025-05-01,sku,ultimate revival,4,any,12,25.00%
2025-05-01,sku,ultimate revival,4,same,12,16.67%
2025-06-01,sku,ultimate revival,0,any,6,100.00%
2025-06-01,sku,ultimate revival,0,same,6,100.00%
2025-06-01,sku,ultimate revival,1,any,6,50.00%
2025-06-01,sku,ultimate revival,1,same,6,50.00%
2025-06-01,sku,ultimate revival,2,any,6,50.00%
2025-06-01,sku,ultimate revival,2,same,6,50.00%
2025-06-01,sku,ultimate revival,3,any,6,50.00%
2025-06-01,sku,ultimate revival,3,same,6,50.00%
2025-07-01,sku,ultimate revival,0,any,6,100.00%
2025-07-01,sku,ultimate revival,0,same,6,100.00%
2025-07-01,sku,ultimate revival,1,any,6,50.00%
2025-07-01,sku,ultimate revival,1,same,6,50.00%
2025-07-01,sku,ultimate revival,2,any,6,16.67%
2025-07-01,sku,ultimate revival,2,same,6,16.67%
2025-08-01,sku,ultimate revival,0,any,6,100.00%
2025-08-01,sku,ultimate revival,0,same,6,100.00%
2025-08-01,sku,ultimate revival,1,any,6,0.00%
2025-08-01,sku,ultimate revival,1,same,6,0.00%
2025-09-01,sku,ultimate revival,0,any,2,100.00%
2025-09-01,sku,ultimate revival,0,same,2,100.00%
2024-12-01,sku,vital recharge,0,any,4,100.00%
2024-12-01,sku,vital recharge,0,same,4,100.00%
2024-12-01,sku,vital recharge,1,any,4,50.00%
2024-12-01,sku,vital recharge,1,same,4,25.00%
2024-12-01,sku,vital recharge,2,any,4,50.00%
2024-12-01,sku,vital recharge,2,same,4,25.00%
2024-12-01,sku,vital recharge,3,any,4,25.00%
2024-12-01,sku,vital recharge,3,same,4,25.00%
2024-12-01,sku,vital recharge,4,any,4,50.00%
2024-12-01,sku,vital recharge,4,same,4,25.00%
2024-12-01,sku,vital recharge,5,any,4,25.00%
2024-12-01,sku,vital recharge,5,same,4,0.00%
2024-12-01,sku,vital recharge,6,any,4,0.00%
2024-12-01,sku,vital recharge,6,same,4,0.00%
2024-12-01,sku,vital recharge,7,any,4,0.00%
2024-12-01,sku,vital recharge,7,same,4,0.00%
2024-12-01,sku,vital recharge,8,any,4,0.00%
2024-12-01,sku,vital recharge,8,same,4,0.00%
2024-12-01,sku,vital recharge,9,any,4,0.00%
2024-12-01,sku,vital recharge,9,same,4,0.00%
2025-01-01,sku,vital recharge,0,any,5,100.00%
2025-01-01,sku,vital recharge,0,same,5,100.00%
2025-01-01,sku,vital recharge,1,any,5,40.00%
2025-01-01,sku,vital recharge,1,same,5,40.00%
2025-01-01,sku,vital recharge,2,any,5,20.00%
2025-01-01,sku,vital recharge,2,same,5,20.00%
2025-01-01,sku,vital recharge,3,any,5,40.00%
2025-01-01,sku,vital recharge,3,same,5,40.00%
2025-01-01,sku,vital recharge,4,any,5,20.00%
2025-01-01,sku,vital recharge,4,same,5,20.00%
2025-01-01,sku,vital recharge,5,any,5,20.00%
2025-01-01,sku,vital recharge,5,same,5,20.00%
2025-01-01,sku,vital recharge,6,any,5,0.00%
2025-01-01,sku,vital recharge,6,same,5,0.00%
2025-01-01,sku,vital recharge,7,any,5,20.00%
2025-01-01,sku,vital recharge,7,same,5,20.00%
2025-01-01,sku,vital recharge,8,any,5,0.00%
2025-01-01,sku,vital recharge,8,same,5,0.00%
2025-02-01,sku,vital recharge,0,any,5,100.00%
2025-02-01,sku,vital recharge,0,same,5,100.00%
2025-02-01,sku,vital recharge,1,any,5,20.00%
2025-02-01,sku,vital recharge,1,same,5,20.00%
2025-02-01,sku,vital recharge,2,any,5,20.00%
2025-02-01,sku,vital recharge,2,same,5,20.00%
2025-02-01,sku,vital recharge,3,any,5,20.00%
2025-02-01,sku,vital recharge,3,same,5,20.00%
2025-02-01,sku,vital recharge,4,any,5,0.00%
2025-02-01,sku,vital recharge,4,same,5,0.00%
2025-02-01,sku,vital recharge,5,any,5,40.00%
2025-02-01,sku,vital recharge,5,same,5,40.00%
2025-02-01,sku,vital recharge,6,any,5,0.00%
2025-02-01,sku,vital recharge,6,same,5,0.00%
2025-02-01,sku,vital recharge,7,any,5,20.00%
2025-02-01,sku,vital recharge,7,same,5,0.00%
2025-03-01,sku,vital recharge,0,any,5,100.00%
2025-03-01,sku,vital recharge,0,same,5,100.00%
2025-03-01,sku,vital recharge,1,any,5,60.00%
2025-03-01,sku,vital recharge,1,same,5,40.00%
2025-03-01,sku,vital recharge,2,any,5,20.00%
2025-03-01,sku,vital recharge,2,same,5,0.00%
2025-03-01,sku,vital recharge,3,any,5,40.00%
2025-03-01,sku,vital recharge,3,same,5,20.00%
2025-03-01,sku,vital recharge,4,any,5,20.00%
2025-03-01,sku,vital recharge,4,same,5,0.00%
2025-03-01,sku,vital recharge,5,any,5,60.00%
2025-03-01,sku,vital recharge,5,same,5,20.00%
2025-03-01,sku,vital recharge,6,any,5,20.00%
2025-03-01,sku,vital recharge,6,same,5,0.00%
2025-04-01,sku,vital recharge,0,any,2,100.00%
2025-04-01,sku,vital recharge,0,same,2,100.00%
2025-04-01,sku,vital recharge,1,any,2,0.00%
2025-04-01,sku,vital recharge,1,same,2,0.00%
2025-04-01,sku,vital recharge,2,any,2,50.00%
2025-04-01,sku,vital recharge,2,same,2,50.00%
2025-04-01,sku,vital recharge,3,any,2,0.00%
2025-04-01,sku,vital recharge,3,same,2,0.00%
2025-04-01,sku,vital recharge,4,any,2,0.00%
2025-04-01,sku,vital recharge,4,same,2,0.00%
2025-04-01,sku,vital recharge,5,any,2,0.00%
2025-04-01,sku,vital recharge,5,same,2,0.00%
2025-05-01,sku,vital recharge,0,any,1,100.00%
2025-05-01,sku,vital recharge,0,same,1,100.00%
2025-05-01,sku,vital recharge,1,any,1,0.00%
2025-05-01,sku,vital recharge,1,same,1,0.00%
2025-05-01,sku,vital recharge,2,any,1,0.00%
2025-05-01,sku,vital recharge,2,same,1,0.00%
2025-05-01,sku,vital recharge,3,any,1,0.00%
2025-05-01,sku,vital recharge,3,same,1,0.00%
2025-05-01,sku,vital recharge,4,any,1,0.00%
2025-05-01,sku,vital recharge,4,same,1,0.00%
2025-07-01,sku,vital recharge,0,any,2,100.00%
2025-07-01,sku,vital recharge,0,same,2,100.00%
2025-07-01,sku,vital recharge,1,any,2,0.00%
2025-07-01,sku,vital recharge,1,same,2,0.00%
2025-07-01,sku,vital recharge,2,any,2,0.00%
2025-07-01,sku,vital recharge,2,same,2,0.00%
2025-08-01,sku,vital recharge,0,any,5,100.00%
2025-08-01,sku,vital recharge,0,same,5,100.00%
2025-08-01,sku,vital recharge,1,any,5,0.00%
2025-08-01,sku,vital recharge,1,same,5,0.00%
2025-09-01,sku,vital recharge,0,any,9,100.00%
2025-09-01,sku,vital recharge,0,same,9,100.00%
